,사고번호,사고일시,요일,시군구,사고내용,사망자수,중상자수,경상자수,부상신고자수,사고유형,법규위반,노면상태,기상상태,도로형태,가해운전자 차종,가해운전자 성별,가해운전자 연령,가해운전자 상해정도,피해운전자 차종,피해운전자 성별,피해운전자 연령,피해운전자 상해정도
1244,2018101100100246,2018년 10월 11일 12시,목요일,충청남도 공주시 이인면,경상사고,0,0,1,0,차대사람 - 기타,안전운전불이행,포장 - 건조,맑음,기타 - 기타,화물,남,28세,상해없음,보행자,남,60세,경상
1245,2018101100100463,2018년 10월 11일 18시,목요일,충청남도 논산시 내동,중상사고,0,1,0,0,차대사람 - 횡단중,안전운전불이행,포장 - 건조,맑음,단일로 - 기타,승용,여,55세,상해없음,보행자,여,79세,중상
1246,2018101200100124,2018년 10월 12일 08시,금요일,충청남도 천안시 서북구 성정동,경상사고,0,0,1,0,차대사람 - 기타,안전운전불이행,포장 - 건조,맑음,교차로 - 교차로안,승용,남,27세,상해없음,보행자,여,27세,경상
1247,2018101200100264,2018년 10월 12일 12시,금요일,충청남도 공주시 반죽동,중상사고,0,1,0,0,차대사람 - 기타,안전운전불이행,포장 - 건조,맑음,기타 - 기타,승용,남,51세,상해없음,보행자,여,82세,중상
1248,2018101200100301,2018년 10월 12일 13시,금요일,충청남도 천안시 서북구 직산읍,경상사고,0,0,1,0,차대사람 - 기타,안전운전불이행,포장 - 건조,맑음,단일로 - 기타,승용,남,27세,상해없음,보행자,남,25세,경상
1249,2018101200100302,2018년 10월 12일 13시,금요일,충청남도 당진시 읍내리,경상사고,0,0,1,0,차대사람 - 횡단중,보행자보호의무위반,포장 - 건조,맑음,교차로 - 교차로횡단보도내,승용,여,48세,상해없음,보행자,여,60세,경상
1250,2018101200100382,2018년 10월 12일 15시,금요일,충청남도 천안시 서북구 불당동,중상사고,0,1,0,0,차대사람 - 횡단중,안전운전불이행,포장 - 건조,맑음,단일로 - 기타,승용,여,41세,상해없음,보행자,남,15세,중상
1251,2018101200100469,2018년 10월 12일 17시,금요일,충청남도 서산시 대산읍,중상사고,0,1,0,0,차대사람 - 기타,중앙선침범,포장 - 건조,맑음,단일로 - 기타,승합,남,49세,상해없음,보행자,여,58세,중상
1252,2018101200100470,2018년 10월 12일 17시,금요일,충청남도 서산시 석림동,경상사고,0,0,1,0,차대사람 - 기타,안전운전불이행,포장 - 건조,맑음,단일로 - 기타,승용,남,67세,상해없음,보행자,남,18세,경상
1253,2018101300100482,2018년 10월 13일 18시,토요일,충청남도 천안시 서북구 백석동,경상사고,0,0,1,0,차대사람 - 기타,안전운전불이행,포장 - 건조,맑음,단일로 - 기타,승용,남,62세,상해없음,보행자,여,21세,경상
1254,2018101300100483,2018년 10월 13일 18시,토요일,충청남도 아산시 온천동,중상사고,0,1,0,0,차대사람 - 보도통행중,보행자보호의무위반,포장 - 기타,맑음,단일로 - 기타,승용,남,55세,상해없음,보행자,여,65세,중상
1255,2018101300100484,2018년 10월 13일 18시,토요일,충청남도 아산시 방축동,중상사고,0,1,1,0,차대사람 - 기타,안전운전불이행,포장 - 건조,맑음,교차로 - 교차로안,승용,남,22세,상해없음,보행자,여,37세,경상
1256,2018101300100517,2018년 10월 13일 19시,토요일,충청남도 보령시 동대동,중상사고,0,1,0,0,차대사람 - 횡단중,보행자보호의무위반,포장 - 건조,맑음,교차로 - 교차로횡단보도내,승용,여,52세,상해없음,보행자,남,60세,중상
1257,2018101300100601,2018년 10월 13일 22시,토요일,충청남도 천안시 서북구 두정동,부상신고사고,0,0,0,1,차대사람 - 기타,안전운전불이행,포장 - 건조,맑음,단일로 - 기타,승용,여,24세,상해없음,보행자,남,29세,부상신고
1258,2018101400100342,2018년 10월 14일 18시,일요일,충청남도 천안시 서북구 성정동,경상사고,0,0,2,0,차대사람 - 횡단중,신호위반,포장 - 건조,맑음,단일로 - 기타,승합,남,52세,상해없음,보행자,남,27세,경상
1259,2018101500100159,2018년 10월 15일 10시,월요일,충청남도 당진시 수청리,중상사고,0,1,0,0,차대사람 - 기타,안전운전불이행,포장 - 건조,맑음,교차로 - 교차로안,승합,남,53세,상해없음,보행자,남,49세,중상
1260,2018101500100525,2018년 10월 15일 20시,월요일,충청남도 천안시 서북구 쌍용동,경상사고,0,0,1,0,차대사람 - 기타,안전운전불이행,포장 - 건조,맑음,단일로 - 기타,기타불명,기타불명,미분류,기타불명,보행자,여,56세,경상
1261,2018101600100516,2018년 10월 16일 19시,화요일,충청남도 태안군 태안읍,중상사고,0,1,0,0,차대사람 - 차도통행중,안전운전불이행,포장 - 건조,맑음,교차로 - 교차로부근,승합,남,45세,상해없음,보행자,여,58세,중상
1262,2018101700100101,2018년 10월 17일 08시,수요일,충청남도 당진시 송산면,경상사고,0,0,1,0,차대사람 - 기타,안전운전불이행,포장 - 건조,맑음,교차로 - 교차로부근,화물,남,67세,상해없음,보행자,남,61세,경상
1263,2018101700100144,2018년 10월 17일 09시,수요일,충청남도 예산군 예산읍,중상사고,0,1,0,0,차대사람 - 보도통행중,보행자보호의무위반,포장 - 건조,맑음,교차로 - 교차로안,승용,여,52세,상해없음,보행자,남,77세,중상
1264,2018101700100209,2018년 10월 17일 11시,수요일,충청남도 홍성군 홍성읍,중상사고,0,1,0,0,차대사람 - 기타,안전운전불이행,포장 - 건조,맑음,단일로 - 기타,승용,남,59세,상해없음,보행자,여,88세,중상
1265,2018101700100370,2018년 10월 17일 15시,수요일,충청남도 보령시 동대동,경상사고,0,0,1,0,차대사람 - 기타,안전운전불이행,포장 - 건조,맑음,단일로 - 기타,승용,남,74세,기타불명,보행자,남,59세,경상
1266,2018101700100415,2018년 10월 17일 16시,수요일,충청남도 천안시 서북구 성정동,경상사고,0,0,1,0,차대사람 - 차도통행중,안전운전불이행,포장 - 건조,맑음,단일로 - 기타,승용,여,64세,상해없음,보행자,남,56세,경상
1267,2018101700100555,2018년 10월 17일 19시,수요일,충청남도 태안군 남면,사망사고,1,0,0,0,차대사람 - 길가장자리구역통행중,안전운전불이행,포장 - 건조,맑음,교차로 - 교차로안,승합,남,58세,상해없음,보행자,남,77세,사망
1268,2018101800100196,2018년 10월 18일 10시,목요일,충청남도 천안시 서북구 성정동,경상사고,0,0,1,0,차대사람 - 차도통행중,안전운전불이행,포장 - 건조,맑음,단일로 - 기타,승용,남,36세,상해없음,보행자,남,57세,경상
1269,2018101800100259,2018년 10월 18일 12시,목요일,충청남도 홍성군 결성면,사망사고,1,1,0,0,차대사람 - 기타,안전운전불이행,포장 - 건조,맑음,교차로 - 교차로부근,화물,남,47세,상해없음,보행자,여,72세,사망
1270,2018101800100353,2018년 10월 18일 15시,목요일,충청남도 당진시 읍내리,중상사고,0,1,0,0,차대사람 - 기타,안전운전불이행,포장 - 건조,맑음,단일로 - 기타,승용,여,48세,상해없음,보행자,남,6세,중상
1271,2018101800100555,2018년 10월 18일 19시,목요일,충청남도 태안군 근흥면,사망사고,1,0,0,0,차대사람 - 횡단중,안전운전불이행,포장 - 젖음/습기,비,기타 - 기타,화물,남,58세,상해없음,보행자,남,62세,사망
1272,2018101800100606,2018년 10월 18일 20시,목요일,충청남도 천안시 서북구 불당동,경상사고,0,0,1,0,차대사람 - 기타,안전운전불이행,포장 - 건조,맑음,단일로 - 기타,승용,여,39세,상해없음,보행자,여,26세,경상
1273,2018101800100696,2018년 10월 18일 23시,목요일,충청남도 보령시 동대동,경상사고,0,0,1,0,차대사람 - 기타,안전운전불이행,포장 - 건조,맑음,단일로 - 기타,승용,남,27세,상해없음,보행자,남,43세,경상
1274,2018101900100304,2018년 10월 19일 12시,금요일,충청남도 청양군 남양면,사망사고,1,0,0,0,차대사람 - 기타,안전운전불이행,포장 - 건조,맑음,단일로 - 기타,승용,남,77세,상해없음,보행자,남,77세,사망
1275,2018101900100342,2018년 10월 19일 13시,금요일,충청남도 보령시 대천동,중상사고,0,1,0,0,차대사람 - 횡단중,안전운전불이행,포장 - 건조,맑음,교차로 - 교차로안,화물,남,57세,상해없음,보행자,남,78세,중상
1276,2018101900100383,2018년 10월 19일 14시,금요일,충청남도 천안시 서북구 성정동,경상사고,0,0,1,0,차대사람 - 기타,안전운전불이행,포장 - 건조,맑음,기타 - 기타,승용,남,65세,상해없음,보행자,남,60세,경상
1277,2018101900100471,2018년 10월 19일 16시,금요일,충청남도 태안군 근흥면,사망사고,1,0,0,0,차대사람 - 횡단중,안전운전불이행,포장 - 건조,맑음,기타 - 기타,승용,남,57세,상해없음,보행자,남,87세,사망
1278,2018101900100590,2018년 10월 19일 18시,금요일,충청남도 천안시 서북구 와촌동,경상사고,0,0,1,0,차대사람 - 횡단중,보행자보호의무위반,포장 - 건조,맑음,교차로 - 교차로부근,화물,남,44세,상해없음,보행자,여,22세,경상
1279,2018101900100594,2018년 10월 19일 18시,금요일,충청남도 부여군 석성면,중상사고,0,1,0,0,차대사람 - 길가장자리구역통행중,안전운전불이행,포장 - 건조,맑음,단일로 - 기타,기타불명,기타불명,미분류,기타불명,보행자,여,77세,중상
1280,2018101900100595,2018년 10월 19일 18시,금요일,충청남도 당진시 송악읍,중상사고,0,1,0,0,차대사람 - 기타,보행자보호의무위반,포장 - 건조,맑음,교차로 - 교차로횡단보도내,승용,남,58세,상해없음,보행자,남,72세,중상
1281,2018101900100596,2018년 10월 19일 18시,금요일,충청남도 금산군 추부면,경상사고,0,0,1,0,차대사람 - 횡단중,안전운전불이행,포장 - 건조,맑음,단일로 - 기타,승용,남,66세,상해없음,보행자,여,79세,경상
1282,2018102000100086,2018년 10월 20일 05시,토요일,충청남도 천안시 서북구 두정동,경상사고,0,0,1,0,차대사람 - 기타,안전운전불이행,포장 - 건조,맑음,단일로 - 기타,승용,남,51세,상해없음,보행자,남,23세,경상
1283,2018102000100343,2018년 10월 20일 13시,토요일,충청남도 천안시 동남구 사직동,경상사고,0,0,1,0,차대사람 - 기타,안전운전불이행,포장 - 건조,맑음,교차로 - 교차로안,화물,남,49세,상해없음,보행자,여,73세,경상
1284,2018102000100386,2018년 10월 20일 14시,토요일,충청남도 천안시 서북구 백석동,중상사고,0,1,0,0,차대사람 - 횡단중,안전운전불이행,포장 - 건조,맑음,교차로 - 교차로부근,승용,남,57세,상해없음,보행자,여,71세,중상
1285,2018102000100650,2018년 10월 20일 19시,토요일,충청남도 천안시 서북구 성거읍,사망사고,1,0,0,0,차대사람 - 횡단중,안전운전불이행,포장 - 건조,맑음,단일로 - 기타,화물,남,66세,상해없음,보행자,여,78세,사망
1286,2018102100100333,2018년 10월 21일 16시,일요일,충청남도 금산군 남이면,중상사고,0,1,0,0,차대사람 - 기타,안전운전불이행,포장 - 젖음/습기,흐림,단일로 - 기타,화물,남,56세,상해없음,보행자,여,77세,중상
1287,2018102100100373,2018년 10월 21일 17시,일요일,충청남도 서산시 석남동,중상사고,0,1,0,0,차대사람 - 횡단중,안전운전불이행,포장 - 건조,맑음,교차로 - 교차로부근,화물,남,65세,상해없음,보행자,여,48세,중상
1288,2018102200100042,2018년 10월 22일 06시,월요일,충청남도 서산시 동문동,사망사고,1,0,0,0,차대사람 - 횡단중,과속,포장 - 건조,맑음,단일로 - 기타,승용,남,65세,상해없음,보행자,여,81세,사망
1289,2018102200100043,2018년 10월 22일 06시,월요일,충청남도 천안시 서북구 성정동,중상사고,0,1,0,0,차대사람 - 횡단중,안전운전불이행,포장 - 건조,맑음,교차로 - 교차로안,승용,여,43세,상해없음,보행자,여,81세,중상
1290,2018102200100124,2018년 10월 22일 09시,월요일,충청남도 천안시 동남구 봉명동,경상사고,0,0,1,0,차대사람 - 횡단중,안전운전불이행,포장 - 건조,맑음,교차로 - 교차로안,승용,남,59세,상해없음,보행자,여,67세,경상
1291,2018102200100160,2018년 10월 22일 10시,월요일,충청남도 부여군 부여읍,중상사고,0,1,0,0,차대사람 - 기타,안전운전불이행,포장 - 건조,맑음,교차로 - 교차로부근,승용,남,74세,상해없음,보행자,여,70세,중상
1292,2018102200100196,2018년 10월 22일 11시,월요일,충청남도 서산시 동문동,중상사고,0,1,0,0,차대사람 - 보도통행중,보행자보호의무위반,포장 - 건조,맑음,교차로 - 교차로횡단보도내,승용,남,35세,상해없음,보행자,남,79세,중상
1293,2018102200100345,2018년 10월 22일 16시,월요일,충청남도 천안시 서북구 성정동,경상사고,0,0,1,0,차대사람 - 기타,안전운전불이행,포장 - 건조,맑음,단일로 - 기타,승용,여,30세,상해없음,보행자,남,62세,경상
1294,2018102200100347,2018년 10월 22일 16시,월요일,충청남도 태안군 태안읍,경상사고,0,0,1,0,차대사람 - 횡단중,안전운전불이행,포장 - 건조,맑음,교차로 - 교차로안,승용,여,49세,상해없음,보행자,남,12세,경상
1295,2018102200100443,2018년 10월 22일 18시,월요일,충청남도 청양군 화성면,사망사고,1,0,0,0,차대사람 - 차도통행중,안전운전불이행,포장 - 건조,맑음,단일로 - 기타,승용,남,66세,상해없음,보행자,남,78세,사망
1296,2018102200100445,2018년 10월 22일 18시,월요일,충청남도 천안시 동남구 신부동,중상사고,0,1,0,0,차대사람 - 보도통행중,신호위반,포장 - 건조,맑음,교차로 - 교차로부근,승용,여,42세,상해없음,보행자,여,33세,중상
1297,2018102200100530,2018년 10월 22일 20시,월요일,충청남도 계룡시 금암동,중상사고,0,1,0,0,차대사람 - 보도통행중,기타,포장 - 건조,맑음,단일로 - 기타,승용,남,63세,상해없음,보행자,남,59세,중상
1298,2018102300100050,2018년 10월 23일 06시,화요일,충청남도 서산시 석남동,경상사고,0,0,1,0,차대사람 - 차도통행중,안전운전불이행,포장 - 젖음/습기,비,단일로 - 기타,승용,남,36세,상해없음,보행자,남,30세,경상
1299,2018102300100330,2018년 10월 23일 15시,화요일,충청남도 천안시 동남구 청당동,경상사고,0,0,1,0,차대사람 - 기타,안전운전불이행,포장 - 건조,맑음,기타 - 기타,승용,여,39세,상해없음,보행자,남,42세,경상
1300,2018102300100515,2018년 10월 23일 19시,화요일,충청남도 천안시 서북구 성거읍,경상사고,0,0,1,1,차대사람 - 횡단중,안전운전불이행,포장 - 건조,맑음,교차로 - 교차로안,승용,여,54세,상해없음,보행자,여,6세,경상
1301,2018102400100171,2018년 10월 24일 09시,수요일,충청남도 아산시 장존동,중상사고,0,2,0,0,차대사람 - 기타,안전운전불이행,포장 - 건조,맑음,단일로 - 기타,승용,여,64세,상해없음,보행자,여,45세,중상
1302,2018102400100207,2018년 10월 24일 10시,수요일,충청남도 천안시 동남구 다가동,중상사고,0,1,0,0,차대사람 - 횡단중,보행자보호의무위반,포장 - 건조,맑음,단일로 - 기타,승용,남,61세,상해없음,보행자,여,78세,중상
1303,2018102400100306,2018년 10월 24일 13시,수요일,충청남도 공주시 금학동,경상사고,0,0,1,0,차대사람 - 횡단중,안전운전불이행,포장 - 건조,맑음,교차로 - 교차로안,승용,여,49세,상해없음,보행자,여,59세,경상
1304,2018102400100441,2018년 10월 24일 16시,수요일,충청남도 태안군 태안읍,중상사고,0,1,0,0,차대사람 - 횡단중,보행자보호의무위반,포장 - 건조,맑음,교차로 - 교차로부근,승합,남,57세,상해없음,보행자,남,58세,중상
1305,2018102400100655,2018년 10월 24일 20시,수요일,충청남도 아산시 배방읍,경상사고,0,0,1,0,차대사람 - 기타,보행자보호의무위반,포장 - 건조,맑음,단일로 - 기타,화물,남,37세,상해없음,보행자,남,16세,경상
1306,2018102500100058,2018년 10월 25일 06시,목요일,충청남도 홍성군 구항면,사망사고,1,0,0,0,차대사람 - 횡단중,안전운전불이행,포장 - 건조,맑음,기타 - 기타,승용,여,59세,상해없음,보행자,여,82세,사망
1307,2018102500100133,2018년 10월 25일 08시,목요일,충청남도 태안군 태안읍,중상사고,0,1,0,0,차대사람 - 기타,안전운전불이행,포장 - 건조,맑음,기타 - 기타,승용,여,49세,상해없음,보행자,여,83세,중상
1308,2018102500100134,2018년 10월 25일 08시,목요일,충청남도 태안군 근흥면,경상사고,0,0,1,0,차대사람 - 길가장자리구역통행중,안전운전불이행,포장 - 건조,맑음,단일로 - 기타,승용,남,70세,상해없음,보행자,여,67세,경상
1309,2018102500100179,2018년 10월 25일 09시,목요일,충청남도 태안군 안면읍,중상사고,0,1,0,0,차대사람 - 기타,안전운전불이행,포장 - 건조,맑음,기타 - 기타,승합,남,39세,상해없음,보행자,여,79세,중상
1310,2018102500100251,2018년 10월 25일 11시,목요일,충청남도 보령시 대천동,중상사고,0,1,1,0,차대사람 - 횡단중,보행자보호의무위반,포장 - 건조,맑음,교차로 - 교차로횡단보도내,승용,남,69세,상해없음,보행자,여,65세,중상
1311,2018102500100544,2018년 10월 25일 18시,목요일,충청남도 당진시 고대면,경상사고,0,0,1,0,차대사람 - 기타,안전운전불이행,포장 - 건조,맑음,단일로 - 기타,승용,남,52세,상해없음,보행자,남,64세,경상
1312,2018102500100602,2018년 10월 25일 19시,목요일,충청남도 계룡시 금암동,경상사고,0,0,1,0,차대사람 - 횡단중,보행자보호의무위반,포장 - 건조,맑음,교차로 - 교차로횡단보도내,승용,여,60세,상해없음,보행자,남,19세,경상
1313,2018102600100121,2018년 10월 26일 08시,금요일,충청남도 보령시 동대동,중상사고,0,1,0,0,차대사람 - 횡단중,안전운전불이행,포장 - 건조,흐림,교차로 - 교차로안,승용,여,31세,상해없음,보행자,여,53세,중상
1314,2018102600100122,2018년 10월 26일 08시,금요일,충청남도 공주시 유구읍,중상사고,0,1,0,0,차대사람 - 기타,안전운전불이행,포장 - 건조,맑음,교차로 - 교차로부근,화물,남,64세,상해없음,보행자,남,9세,중상
1315,2018102600100203,2018년 10월 26일 11시,금요일,충청남도 천안시 동남구 대흥동,경상사고,0,0,1,0,차대사람 - 길가장자리구역통행중,안전운전불이행,포장 - 건조,맑음,기타 - 기타,기타불명,기타불명,미분류,기타불명,보행자,남,47세,경상
1316,2018102600100468,2018년 10월 26일 18시,금요일,충청남도 천안시 서북구 성정동,경상사고,0,0,1,0,차대사람 - 기타,안전운전불이행,포장 - 건조,맑음,교차로 - 교차로안,승용,남,21세,상해없음,보행자,남,57세,경상
1317,2018102600100469,2018년 10월 26일 18시,금요일,충청남도 홍성군 구항면,사망사고,1,0,0,0,차대사람 - 횡단중,과속,포장 - 젖음/습기,흐림,기타 - 기타,승용,남,48세,상해없음,보행자,여,70세,사망
1318,2018102600100471,2018년 10월 26일 18시,금요일,충청남도 보령시 청소면,경상사고,0,0,1,0,차대사람 - 횡단중,안전운전불이행,포장 - 건조,맑음,단일로 - 기타,승용,여,60세,상해없음,보행자,여,90세 이상,경상
1319,2018102600100474,2018년 10월 26일 18시,금요일,충청남도 천안시 동남구 구성동,중상사고,0,1,0,0,차대사람 - 횡단중,보행자보호의무위반,포장 - 젖음/습기,비,단일로 - 기타,승용,여,43세,기타불명,보행자,남,47세,중상
1320,2018102600100673,2018년 10월 26일 22시,금요일,충청남도 천안시 서북구 불당동,중상사고,0,1,0,0,차대사람 - 횡단중,신호위반,포장 - 건조,맑음,교차로 - 교차로횡단보도내,승용,남,22세,상해없음,보행자,남,39세,중상
1321,2018102700100182,2018년 10월 27일 09시,토요일,충청남도 아산시 읍내동,중상사고,0,1,0,0,차대사람 - 기타,안전운전불이행,포장 - 건조,맑음,교차로 - 교차로안,승용,여,62세,상해없음,보행자,여,49세,중상
1322,2018102700100310,2018년 10월 27일 13시,토요일,충청남도 천안시 동남구 대흥동,경상사고,0,0,1,0,차대사람 - 차도통행중,안전운전불이행,포장 - 건조,맑음,단일로 - 기타,승용,여,52세,상해없음,보행자,남,18세,경상
1323,2018102700100521,2018년 10월 27일 18시,토요일,충청남도 보령시 대천동,중상사고,0,1,0,0,차대사람 - 횡단중,보행자보호의무위반,포장 - 건조,맑음,교차로 - 교차로부근,이륜,남,50세,상해없음,보행자,여,76세,중상
1324,2018102700100710,2018년 10월 27일 23시,토요일,충청남도 서산시 석림동,사망사고,1,0,0,0,차대사람 - 횡단중,과속,포장 - 건조,맑음,교차로 - 교차로안,승용,남,22세,상해없음,보행자,남,54세,사망
1325,2018102800100024,2018년 10월 28일 01시,일요일,충청남도 천안시 서북구 성정동,중상사고,0,1,1,0,차대사람 - 횡단중,보행자보호의무위반,포장 - 건조,맑음,단일로 - 기타,승용,남,51세,상해없음,보행자,남,29세,경상
1326,2018102800100275,2018년 10월 28일 14시,일요일,충청남도 천안시 동남구 다가동,경상사고,0,0,1,0,차대사람 - 차도통행중,안전운전불이행,포장 - 젖음/습기,맑음,단일로 - 기타,승용,여,52세,상해없음,보행자,여,65세,경상
1327,2018102800100295,2018년 10월 28일 15시,일요일,충청남도 부여군 석성면,중상사고,0,1,0,0,차대사람 - 횡단중,안전운전불이행,포장 - 젖음/습기,비,교차로 - 교차로안,화물,남,35세,상해없음,보행자,여,47세,중상
1328,2018102800100331,2018년 10월 28일 16시,일요일,충청남도 당진시 정미면,중상사고,0,1,0,0,차대사람 - 차도통행중,안전운전불이행,포장 - 건조,맑음,단일로 - 기타,화물,남,62세,상해없음,보행자,남,47세,중상
1329,2018102800100447,2018년 10월 28일 19시,일요일,충청남도 천안시 동남구 다가동,경상사고,0,0,1,0,차대사람 - 기타,안전운전불이행,포장 - 건조,맑음,단일로 - 기타,승용,여,54세,상해없음,보행자,남,46세,경상
1330,2018102800100475,2018년 10월 28일 20시,일요일,충청남도 천안시 서북구 성정동,중상사고,0,1,0,0,차대사람 - 횡단중,안전운전불이행,포장 - 건조,맑음,교차로 - 교차로부근,승용,남,49세,상해없음,보행자,남,64세,중상
1331,2018102900100055,2018년 10월 29일 06시,월요일,충청남도 홍성군 홍성읍,중상사고,0,1,0,0,차대사람 - 횡단중,안전운전불이행,포장 - 젖음/습기,흐림,단일로 - 기타,승용,여,68세,상해없음,보행자,남,80세,중상
1332,2018102900100465,2018년 10월 29일 17시,월요일,충청남도 천안시 동남구 안서동,경상사고,0,0,1,0,차대사람 - 기타,안전운전불이행,포장 - 건조,맑음,단일로 - 기타,승용,여,48세,상해없음,보행자,여,25세,경상
1333,2018103000100276,2018년 10월 30일 12시,화요일,충청남도 천안시 서북구 직산읍,중상사고,0,1,0,0,차대사람 - 기타,안전운전불이행,포장 - 건조,맑음,단일로 - 기타,승용,여,30세,상해없음,보행자,남,84세,중상
1334,2018110100100123,2018년 11월 1일 08시,목요일,충청남도 천안시 동남구 안서동,경상사고,0,0,1,0,차대사람 - 기타,안전운전불이행,포장 - 건조,맑음,단일로 - 기타,승용,여,40세,상해없음,보행자,남,19세,경상
1335,2018110100100206,2018년 11월 1일 10시,목요일,충청남도 보령시 성주면,경상사고,0,0,1,0,차대사람 - 기타,안전운전불이행,포장 - 건조,맑음,단일로 - 기타,이륜,남,51세,상해없음,보행자,여,51세,경상
1336,2018110100100272,2018년 11월 1일 12시,목요일,충청남도 보령시 웅천읍,중상사고,0,2,1,0,차대사람 - 횡단중,보행자보호의무위반,포장 - 건조,맑음,교차로 - 교차로안,화물,남,62세,상해없음,보행자,여,24세,중상
1337,2018110100100570,2018년 11월 1일 19시,목요일,충청남도 천안시 동남구 구성동,중상사고,0,2,0,0,차대사람 - 기타,신호위반,포장 - 건조,맑음,단일로 - 기타,승용,남,66세,상해없음,보행자,여,42세,중상
1338,2018110100100604,2018년 11월 1일 20시,목요일,충청남도 계룡시 엄사면,경상사고,0,0,1,0,차대사람 - 기타,안전운전불이행,포장 - 젖음/습기,비,교차로 - 교차로안,승합,남,59세,상해없음,보행자,여,69세,경상
1339,2018110100100637,2018년 11월 1일 21시,목요일,충청남도 천안시 서북구 쌍용동,경상사고,0,0,1,0,차대사람 - 보도통행중,기타,포장 - 건조,맑음,단일로 - 기타,승용,남,51세,상해없음,보행자,남,48세,경상
1340,2018110200100073,2018년 11월 2일 06시,금요일,충청남도 금산군 금산읍,경상사고,0,0,1,0,차대사람 - 기타,안전운전불이행,포장 - 건조,맑음,단일로 - 기타,화물,남,46세,상해없음,보행자,남,46세,경상
1341,2018110200100084,2018년 11월 2일 07시,금요일,충청남도 보령시 대천동,중상사고,0,1,0,0,차대사람 - 횡단중,안전운전불이행,포장 - 건조,맑음,단일로 - 기타,승용,남,57세,상해없음,보행자,여,88세,중상
1342,2018110200100133,2018년 11월 2일 08시,금요일,충청남도 보령시 명천동,중상사고,0,1,0,0,차대사람 - 횡단중,안전운전불이행,포장 - 건조,맑음,교차로 - 교차로안,승용,남,55세,상해없음,보행자,남,58세,중상
1343,2018110200100602,2018년 11월 2일 18시,금요일,충청남도 아산시 득산동,중상사고,0,1,0,0,차대사람 - 기타,안전운전불이행,포장 - 건조,맑음,단일로 - 기타,기타불명,기타불명,미분류,기타불명,보행자,남,58세,중상
1344,2018110200100604,2018년 11월 2일 18시,금요일,충청남도 당진시 합덕읍,중상사고,0,1,0,0,차대사람 - 기타,안전운전불이행,포장 - 건조,맑음,교차로 - 교차로안,승용,남,50세,상해없음,보행자,여,81세,중상
1345,2018110200100605,2018년 11월 2일 18시,금요일,충청남도 당진시 송산면,중상사고,0,1,0,0,차대사람 - 횡단중,보행자보호의무위반,포장 - 건조,맑음,교차로 - 교차로횡단보도내,승용,남,34세,상해없음,보행자,남,80세,중상
1346,2018110200100805,2018년 11월 2일 22시,금요일,충청남도 공주시 신관동,중상사고,0,1,1,0,차대사람 - 횡단중,안전운전불이행,포장 - 건조,맑음,교차로 - 교차로부근,승용,남,58세,상해없음,보행자,남,45세,경상
1347,2018110300100383,2018년 11월 3일 15시,토요일,충청남도 천안시 서북구 두정동,경상사고,0,0,1,0,차대사람 - 보도통행중,기타,포장 - 건조,맑음,교차로 - 교차로부근,화물,남,21세,상해없음,보행자,여,25세,경상
1348,2018110300100513,2018년 11월 3일 18시,토요일,충청남도 보령시 천북면,경상사고,0,0,1,0,차대사람 - 길가장자리구역통행중,안전운전불이행,포장 - 건조,맑음,단일로 - 기타,화물,남,56세,상해없음,보행자,남,52세,경상
1349,2018110300100514,2018년 11월 3일 18시,토요일,충청남도 당진시 석문면,중상사고,0,1,0,0,차대사람 - 기타,안전운전불이행,포장 - 건조,맑음,단일로 - 기타,승용,남,34세,상해없음,보행자,남,60세,중상
1350,2018110400100039,2018년 11월 4일 02시,일요일,충청남도 천안시 서북구 두정동,경상사고,0,0,1,0,차대사람 - 기타,안전운전불이행,포장 - 건조,맑음,교차로 - 교차로안,화물,남,28세,상해없음,보행자,남,18세,경상
1351,2018110400100061,2018년 11월 4일 05시,일요일,충청남도 천안시 서북구 두정동,부상신고사고,0,0,0,1,차대사람 - 길가장자리구역통행중,안전운전불이행,포장 - 건조,맑음,단일로 - 기타,승용,남,19세,상해없음,보행자,남,19세,부상신고
1352,2018110400100300,2018년 11월 4일 15시,일요일,충청남도 당진시 읍내리,중상사고,0,1,0,0,차대사람 - 기타,안전운전불이행,포장 - 건조,맑음,단일로 - 기타,승용,여,51세,상해없음,보행자,남,68세,중상
1353,2018110500100345,2018년 11월 5일 14시,월요일,충청남도 논산시 화지동,중상사고,0,1,0,0,차대사람 - 길가장자리구역통행중,안전운전불이행,포장 - 건조,맑음,단일로 - 기타,승용,남,72세,상해없음,보행자,여,79세,중상
1354,2018110500100381,2018년 11월 5일 15시,월요일,충청남도 당진시 읍내리,중상사고,0,1,0,0,차대사람 - 횡단중,보행자보호의무위반,포장 - 건조,맑음,교차로 - 교차로안,화물,남,72세,상해없음,보행자,여,77세,중상
1355,2018110500100382,2018년 11월 5일 15시,월요일,충청남도 금산군 금산읍,경상사고,0,0,1,0,차대사람 - 차도통행중,안전운전불이행,포장 - 건조,맑음,단일로 - 기타,승용,여,46세,상해없음,보행자,남,58세,경상