,사고번호,사고일시,요일,시군구,사고내용,사망자수,중상자수,경상자수,부상신고자수,사고유형,법규위반,노면상태,기상상태,도로형태,가해운전자 차종,가해운전자 성별,가해운전자 연령,가해운전자 상해정도,피해운전자 차종,피해운전자 성별,피해운전자 연령,피해운전자 상해정도
1467,2018112800100111,2018년 11월 28일 08시,수요일,충청남도 당진시 채운동,중상사고,0,1,0,0,차대사람 - 횡단중,보행자보호의무위반,포장 - 건조,맑음,단일로 - 기타,승용,여,30세,상해없음,보행자,여,35세,중상
1468,2018112800100389,2018년 11월 28일 16시,수요일,충청남도 천안시 동남구 오룡동,중상사고,0,1,1,0,차대사람 - 횡단중,안전운전불이행,포장 - 건조,맑음,단일로 - 기타,이륜,여,53세,상해없음,보행자,여,70세,경상
1469,2018112800100427,2018년 11월 28일 17시,수요일,충청남도 천안시 서북구 백석동,중상사고,0,1,0,0,차대사람 - 횡단중,보행자보호의무위반,포장 - 건조,맑음,단일로 - 기타,승용,여,30세,상해없음,보행자,여,71세,중상
1470,2018112800100617,2018년 11월 28일 22시,수요일,충청남도 당진시 송악읍,경상사고,0,0,1,0,차대사람 - 기타,안전운전불이행,포장 - 건조,맑음,교차로 - 교차로안,승용,여,45세,상해없음,보행자,남,40세,경상
1471,2018112800100639,2018년 11월 28일 23시,수요일,충청남도 천안시 서북구 두정동,경상사고,0,0,2,0,차대사람 - 기타,안전운전불이행,포장 - 건조,맑음,교차로 - 교차로안,승용,여,24세,상해없음,보행자,남,46세,경상
1472,2018112900100192,2018년 11월 29일 11시,목요일,충청남도 당진시 시곡리,경상사고,0,0,1,0,차대사람 - 기타,안전운전불이행,포장 - 건조,맑음,단일로 - 기타,승용,남,55세,상해없음,보행자,남,32세,경상
1473,2018112900100219,2018년 11월 29일 12시,목요일,충청남도 천안시 서북구 쌍용동,중상사고,0,1,0,0,차대사람 - 차도통행중,안전운전불이행,포장 - 건조,맑음,교차로 - 교차로안,화물,남,49세,상해없음,보행자,여,46세,중상
1474,2018112900100330,2018년 11월 29일 16시,목요일,충청남도 아산시 신창면,중상사고,0,1,0,0,차대사람 - 횡단중,보행자보호의무위반,포장 - 건조,맑음,기타 - 기타,승용,여,51세,상해없음,보행자,여,78세,중상
1475,2018112900100374,2018년 11월 29일 17시,목요일,충청남도 천안시 서북구 입장면,경상사고,0,0,1,0,차대사람 - 횡단중,안전운전불이행,포장 - 건조,맑음,교차로 - 교차로안,승용,여,41세,상해없음,보행자,여,75세,경상
1476,2018112900100421,2018년 11월 29일 18시,목요일,충청남도 천안시 서북구 두정동,중상사고,0,1,0,0,차대사람 - 차도통행중,중앙선침범,포장 - 건조,맑음,단일로 - 기타,승용,남,28세,상해없음,보행자,남,70세,중상
1477,2018113000100075,2018년 11월 30일 06시,금요일,충청남도 천안시 서북구 쌍용동,중상사고,0,1,0,0,차대사람 - 횡단중,안전운전불이행,포장 - 건조,맑음,교차로 - 교차로횡단보도내,승용,남,73세,상해없음,보행자,남,75세,중상
1478,2018113000100193,2018년 11월 30일 10시,금요일,충청남도 공주시 산성동,경상사고,0,0,1,0,차대사람 - 횡단중,신호위반,포장 - 건조,맑음,교차로 - 교차로부근,승용,남,42세,상해없음,보행자,남,90세 이상,경상
1479,2018113000100194,2018년 11월 30일 10시,금요일,충청남도 부여군 부여읍,중상사고,0,1,0,0,차대사람 - 기타,안전운전불이행,포장 - 건조,맑음,단일로 - 기타,승용,남,71세,상해없음,보행자,여,73세,중상
1480,2018113000100451,2018년 11월 30일 17시,금요일,충청남도 부여군 부여읍,경상사고,0,0,1,0,차대사람 - 기타,안전운전불이행,포장 - 건조,맑음,단일로 - 기타,승합,남,57세,상해없음,보행자,남,15세,경상
1481,2018120100100097,2018년 12월 1일 06시,토요일,충청남도 서산시 대산읍,중상사고,0,1,0,0,차대사람 - 횡단중,신호위반,포장 - 건조,맑음,교차로 - 교차로안,승용,남,43세,상해없음,보행자,여,71세,중상
1482,2018120100100356,2018년 12월 1일 15시,토요일,충청남도 천안시 서북구 백석동,경상사고,0,0,1,0,차대사람 - 횡단중,안전운전불이행,포장 - 건조,맑음,교차로 - 교차로안,승용,여,33세,상해없음,보행자,여,47세,경상
1483,2018120200100326,2018년 12월 2일 18시,일요일,충청남도 천안시 동남구 사직동,중상사고,0,1,0,0,차대사람 - 횡단중,안전운전불이행,포장 - 건조,맑음,단일로 - 기타,승용,남,66세,상해없음,보행자,남,52세,중상
1484,2018120200100399,2018년 12월 2일 20시,일요일,충청남도 서산시 갈산동,경상사고,0,0,1,0,차대사람 - 기타,안전운전불이행,포장 - 건조,맑음,단일로 - 기타,승용,남,45세,상해없음,보행자,남,58세,경상
1485,2018120200100400,2018년 12월 2일 20시,일요일,충청남도 서산시 대산읍,중상사고,0,2,0,0,차대사람 - 기타,안전운전불이행,포장 - 건조,맑음,단일로 - 기타,승용,남,56세,상해없음,보행자,남,59세,중상
1486,2018120300100066,2018년 12월 3일 06시,월요일,충청남도 논산시 양촌면,중상사고,0,1,0,0,차대사람 - 차도통행중,안전운전불이행,포장 - 젖음/습기,비,단일로 - 기타,기타불명,기타불명,미분류,기타불명,보행자,남,58세,중상
1487,2018120300100587,2018년 12월 3일 20시,월요일,충청남도 아산시 영인면,경상사고,0,0,1,0,차대사람 - 기타,안전운전불이행,포장 - 젖음/습기,비,단일로 - 기타,이륜,남,53세,상해없음,보행자,남,38세,경상
1488,2018120400100074,2018년 12월 4일 06시,화요일,충청남도 천안시 서북구 직산읍,중상사고,0,1,0,0,차대사람 - 기타,안전운전불이행,포장 - 젖음/습기,비,단일로 - 기타,승용,남,26세,상해없음,보행자,여,58세,중상
1489,2018120400100494,2018년 12월 4일 19시,화요일,충청남도 서산시 성연면,중상사고,0,1,0,0,차대사람 - 기타,안전운전불이행,포장 - 건조,맑음,단일로 - 기타,승용,남,35세,상해없음,보행자,남,58세,중상
1490,2018120400100496,2018년 12월 4일 19시,화요일,충청남도 보령시 대천동,경상사고,0,0,1,0,차대사람 - 횡단중,보행자보호의무위반,포장 - 건조,흐림,교차로 - 교차로부근,승용,남,54세,상해없음,보행자,여,54세,경상
1491,2018120500100045,2018년 12월 5일 05시,수요일,충청남도 천안시 동남구 신부동,경상사고,0,0,1,0,차대사람 - 횡단중,안전운전불이행,포장 - 건조,맑음,교차로 - 교차로부근,승용,여,61세,상해없음,보행자,여,82세,경상
1492,2018120500100061,2018년 12월 5일 06시,수요일,충청남도 아산시 온천동,중상사고,0,1,0,0,차대사람 - 보도통행중,안전운전불이행,포장 - 건조,맑음,단일로 - 기타,승용,여,56세,상해없음,보행자,여,78세,중상
1493,2018120500100133,2018년 12월 5일 08시,수요일,충청남도 천안시 서북구 불당동,중상사고,0,1,0,0,차대사람 - 횡단중,신호위반,포장 - 건조,맑음,단일로 - 기타,승용,여,38세,상해없음,보행자,남,7세,중상
1494,2018120500100202,2018년 12월 5일 10시,수요일,충청남도 당진시 송산면,사망사고,1,0,0,0,차대사람 - 횡단중,안전운전불이행,포장 - 건조,맑음,단일로 - 기타,승용,남,71세,상해없음,보행자,여,74세,사망
1495,2018120500100249,2018년 12월 5일 12시,수요일,충청남도 서산시 예천동,중상사고,0,1,0,0,차대사람 - 횡단중,보행자보호의무위반,포장 - 건조,맑음,교차로 - 교차로안,승용,남,58세,상해없음,보행자,여,80세,중상
1496,2018120500100286,2018년 12월 5일 13시,수요일,충청남도 천안시 서북구 쌍용동,중상사고,0,1,0,1,차대사람 - 횡단중,신호위반,포장 - 건조,맑음,교차로 - 교차로횡단보도내,화물,남,53세,상해없음,보행자,남,54세,중상
1497,2018120500100402,2018년 12월 5일 17시,수요일,충청남도 논산시 양촌면,경상사고,0,0,1,0,차대사람 - 횡단중,보행자보호의무위반,포장 - 건조,맑음,교차로 - 교차로안,승용,남,52세,상해없음,보행자,여,60세,경상
1498,2018120500100459,2018년 12월 5일 18시,수요일,충청남도 천안시 동남구 신부동,경상사고,0,0,1,0,차대사람 - 차도통행중,안전운전불이행,포장 - 건조,맑음,단일로 - 기타,승용,여,21세,상해없음,보행자,남,16세,경상
1499,2018120600100052,2018년 12월 6일 05시,목요일,충청남도 논산시 반월동,중상사고,0,1,0,0,차대사람 - 차도통행중,안전운전불이행,포장 - 젖음/습기,눈,단일로 - 기타,이륜,남,63세,상해없음,보행자,여,49세,중상
1500,2018120600100070,2018년 12월 6일 06시,목요일,충청남도 서산시 석림동,중상사고,0,1,0,0,차대사람 - 횡단중,보행자보호의무위반,포장 - 건조,맑음,교차로 - 교차로안,승용,남,51세,상해없음,보행자,여,68세,중상
1501,2018120600100263,2018년 12월 6일 12시,목요일,충청남도 천안시 동남구 대흥동,중상사고,0,1,0,0,차대사람 - 횡단중,안전운전불이행,포장 - 건조,맑음,교차로 - 교차로안,승용,여,44세,상해없음,보행자,남,77세,중상
1502,2018120600100292,2018년 12월 6일 13시,목요일,충청남도 논산시 연무읍,중상사고,0,1,0,0,차대사람 - 횡단중,안전운전불이행,포장 - 건조,맑음,단일로 - 기타,승용,남,28세,상해없음,보행자,남,77세,중상
1503,2018120600100323,2018년 12월 6일 14시,목요일,충청남도 당진시 송악읍,경상사고,0,0,1,0,차대사람 - 차도통행중,안전운전불이행,포장 - 건조,맑음,단일로 - 기타,승용,여,47세,상해없음,보행자,남,19세,경상
1504,2018120600100488,2018년 12월 6일 18시,목요일,충청남도 공주시 신관동,사망사고,1,0,0,0,차대사람 - 횡단중,보행자보호의무위반,포장 - 건조,맑음,단일로 - 기타,승용,남,69세,상해없음,보행자,여,90세 이상,사망
1505,2018120600100600,2018년 12월 6일 21시,목요일,충청남도 천안시 서북구 성정동,경상사고,0,0,1,0,차대사람 - 보도통행중,보행자보호의무위반,포장 - 기타,흐림,교차로 - 교차로안,승용,남,59세,상해없음,보행자,여,25세,경상
1506,2018120600100641,2018년 12월 6일 23시,목요일,충청남도 서산시 동문동,경상사고,0,0,1,0,차대사람 - 횡단중,보행자보호의무위반,포장 - 건조,흐림,교차로 - 교차로횡단보도내,승용,여,45세,상해없음,보행자,남,49세,경상
1507,2018120700100213,2018년 12월 7일 10시,금요일,충청남도 홍성군 홍성읍,중상사고,0,1,0,0,차대사람 - 기타,안전운전불이행,포장 - 건조,맑음,기타 - 기타,승용,여,51세,상해없음,보행자,여,86세,중상
1508,2018120700100215,2018년 12월 7일 10시,금요일,충청남도 공주시 금흥동,중상사고,0,1,0,0,차대사람 - 기타,안전운전불이행,포장 - 건조,맑음,주차장 - 주차장,승용,남,82세,상해없음,보행자,남,75세,중상
1509,2018120700100346,2018년 12월 7일 14시,금요일,충청남도 천안시 동남구 원성동,중상사고,0,1,0,0,차대사람 - 횡단중,안전운전불이행,포장 - 건조,맑음,교차로 - 교차로횡단보도내,승용,남,79세,상해없음,보행자,여,71세,중상
1510,2018120700100421,2018년 12월 7일 16시,금요일,충청남도 계룡시 신도안면,중상사고,0,1,0,0,차대사람 - 횡단중,안전운전불이행,포장 - 건조,맑음,단일로 - 기타,화물,남,33세,상해없음,보행자,남,9세,중상
1511,2018120700100602,2018년 12월 7일 20시,금요일,충청남도 논산시 내동,중상사고,0,1,0,0,차대사람 - 횡단중,보행자보호의무위반,포장 - 건조,맑음,교차로 - 교차로횡단보도내,이륜,남,27세,상해없음,보행자,남,27세,중상
1512,2018120700100678,2018년 12월 7일 22시,금요일,충청남도 천안시 서북구 두정동,경상사고,0,0,1,0,차대사람 - 기타,기타,포장 - 건조,맑음,단일로 - 기타,승용,남,59세,상해없음,보행자,여,21세,경상
1513,2018120800100327,2018년 12월 8일 15시,토요일,충청남도 논산시 양촌면,경상사고,0,0,1,0,차대사람 - 길가장자리구역통행중,안전운전불이행,포장 - 건조,맑음,단일로 - 기타,승용,남,66세,상해없음,보행자,남,54세,경상
1514,2018120800100403,2018년 12월 8일 17시,토요일,충청남도 공주시 옥룡동,경상사고,0,0,1,0,차대사람 - 횡단중,보행자보호의무위반,포장 - 건조,맑음,교차로 - 교차로횡단보도내,승용,여,40세,기타불명,보행자,여,17세,경상
1515,2018120800100570,2018년 12월 8일 21시,토요일,충청남도 예산군 예산읍,경상사고,0,0,1,0,차대사람 - 길가장자리구역통행중,안전운전불이행,포장 - 적설,흐림,단일로 - 기타,승용,남,39세,기타불명,보행자,여,12세,경상
1516,2018120900100063,2018년 12월 9일 06시,일요일,충청남도 아산시 온천동,경상사고,0,0,1,0,차대사람 - 횡단중,보행자보호의무위반,포장 - 젖음/습기,맑음,교차로 - 교차로안,화물,남,56세,상해없음,보행자,남,56세,경상
1517,2018120900100071,2018년 12월 9일 07시,일요일,충청남도 천안시 서북구 성정동,중상사고,0,1,0,0,차대사람 - 차도통행중,안전운전불이행,포장 - 건조,맑음,교차로 - 교차로안,승용,여,57세,상해없음,보행자,여,76세,중상
1518,2018121000100230,2018년 12월 10일 12시,월요일,충청남도 예산군 예산읍,중상사고,0,1,0,0,차대사람 - 횡단중,보행자보호의무위반,포장 - 건조,맑음,교차로 - 교차로안,승용,남,78세,상해없음,보행자,여,41세,중상
1519,2018121000100362,2018년 12월 10일 16시,월요일,충청남도 천안시 서북구 불당동,경상사고,0,0,1,0,차대사람 - 횡단중,보행자보호의무위반,포장 - 건조,맑음,단일로 - 기타,승용,여,50세,상해없음,보행자,여,16세,경상
1520,2018121000100363,2018년 12월 10일 16시,월요일,충청남도 홍성군 홍북읍,중상사고,0,1,0,0,차대사람 - 기타,보행자보호의무위반,포장 - 건조,맑음,단일로 - 기타,승용,여,34세,상해없음,보행자,남,6세,중상
1521,2018121100100108,2018년 12월 11일 08시,화요일,충청남도 당진시 읍내리,경상사고,0,0,1,0,차대사람 - 기타,안전운전불이행,포장 - 건조,맑음,단일로 - 기타,승용,남,37세,상해없음,보행자,여,51세,경상
1522,2018121100100234,2018년 12월 11일 12시,화요일,충청남도 천안시 동남구 신부동,경상사고,0,0,1,0,차대사람 - 기타,안전운전불이행,포장 - 젖음/습기,눈,단일로 - 기타,승용,여,57세,상해없음,보행자,여,45세,경상
1523,2018121100100400,2018년 12월 11일 17시,화요일,충청남도 당진시 대호지면,중상사고,0,1,0,0,차대사람 - 길가장자리구역통행중,안전운전불이행,포장 - 건조,기타,단일로 - 기타,승용,남,69세,상해없음,보행자,여,78세,중상
1524,2018121100100460,2018년 12월 11일 18시,화요일,충청남도 천안시 서북구 쌍용동,중상사고,0,1,0,0,차대사람 - 기타,안전운전불이행,포장 - 건조,맑음,단일로 - 기타,화물,남,53세,상해없음,보행자,여,36세,중상
1525,2018121100100461,2018년 12월 11일 18시,화요일,충청남도 보령시 청소면,사망사고,1,0,0,0,차대사람 - 횡단중,안전운전불이행,포장 - 젖음/습기,기타,단일로 - 기타,승용,남,28세,상해없음,보행자,남,66세,사망
1526,2018121100100510,2018년 12월 11일 19시,화요일,충청남도 아산시 권곡동,중상사고,0,1,0,0,차대사람 - 횡단중,안전운전불이행,포장 - 건조,맑음,교차로 - 교차로안,승용,남,37세,상해없음,보행자,여,63세,중상
1527,2018121100100612,2018년 12월 11일 22시,화요일,충청남도 천안시 서북구 성정동,중상사고,0,1,0,0,차대사람 - 횡단중,중앙선침범,포장 - 건조,맑음,단일로 - 기타,승용,여,49세,상해없음,보행자,남,63세,중상
1528,2018121100100614,2018년 12월 11일 22시,화요일,충청남도 아산시 용화동,경상사고,0,0,1,0,차대사람 - 기타,안전운전불이행,포장 - 건조,맑음,단일로 - 기타,기타불명,기타불명,미분류,기타불명,보행자,남,24세,경상
1529,2018121200100120,2018년 12월 12일 08시,수요일,충청남도 서산시 해미면,사망사고,1,0,0,0,차대사람 - 기타,안전운전불이행,포장 - 건조,맑음,교차로 - 교차로부근,승용,남,36세,상해없음,보행자,여,76세,사망
1530,2018121200100229,2018년 12월 12일 11시,수요일,충청남도 보령시 동대동,중상사고,0,1,0,0,차대사람 - 횡단중,보행자보호의무위반,포장 - 건조,맑음,교차로 - 교차로횡단보도내,승용,남,64세,상해없음,보행자,여,54세,중상
1531,2018121200100281,2018년 12월 12일 13시,수요일,충청남도 천안시 동남구 신방동,경상사고,0,0,1,0,차대사람 - 기타,안전운전불이행,포장 - 건조,맑음,교차로 - 교차로부근,승합,남,55세,상해없음,보행자,여,18세,경상
1532,2018121200100314,2018년 12월 12일 14시,수요일,충청남도 천안시 동남구 다가동,경상사고,0,0,1,0,차대사람 - 횡단중,보행자보호의무위반,포장 - 건조,맑음,교차로 - 교차로횡단보도내,승용,여,35세,상해없음,보행자,남,56세,경상
1533,2018121200100348,2018년 12월 12일 15시,수요일,충청남도 천안시 동남구 신부동,경상사고,0,0,1,0,차대사람 - 기타,안전운전불이행,포장 - 건조,맑음,단일로 - 기타,승용,남,77세,상해없음,보행자,여,23세,경상
1534,2018121200100398,2018년 12월 12일 16시,수요일,충청남도 금산군 금산읍,중상사고,0,1,0,0,차대사람 - 기타,안전운전불이행,포장 - 건조,맑음,단일로 - 기타,승용,여,58세,상해없음,보행자,남,48세,중상
1535,2018121200100427,2018년 12월 12일 17시,수요일,충청남도 서산시 해미면,부상신고사고,0,0,0,1,차대사람 - 기타,안전운전불이행,포장 - 건조,맑음,교차로 - 교차로부근,승용,여,73세,상해없음,보행자,여,16세,부상신고
1536,2018121200100471,2018년 12월 12일 18시,수요일,충청남도 논산시 취암동,중상사고,0,1,0,0,차대사람 - 횡단중,보행자보호의무위반,포장 - 건조,맑음,교차로 - 교차로횡단보도내,승용,남,24세,상해없음,보행자,여,60세,중상
1537,2018121200100559,2018년 12월 12일 20시,수요일,충청남도 계룡시 금암동,중상사고,0,1,1,0,차대사람 - 횡단중,신호위반,포장 - 건조,맑음,교차로 - 교차로안,승용,여,49세,상해없음,보행자,남,47세,경상
1538,2018121200100612,2018년 12월 12일 22시,수요일,충청남도 금산군 금산읍,경상사고,0,0,1,0,차대사람 - 횡단중,안전운전불이행,포장 - 건조,맑음,교차로 - 교차로부근,승용,남,39세,상해없음,보행자,남,55세,경상
1539,2018121300100043,2018년 12월 13일 05시,목요일,충청남도 공주시 금성동,중상사고,0,1,1,0,차대사람 - 보도통행중,신호위반,포장 - 젖음/습기,흐림,단일로 - 교량,이륜,남,44세,경상,보행자,여,71세,중상
1540,2018121300100324,2018년 12월 13일 13시,목요일,충청남도 천안시 동남구 구성동,중상사고,0,1,0,0,차대사람 - 횡단중,보행자보호의무위반,포장 - 젖음/습기,눈,교차로 - 교차로안,승용,남,52세,상해없음,보행자,여,69세,중상
1541,2018121300100378,2018년 12월 13일 15시,목요일,충청남도 천안시 서북구 두정동,경상사고,0,0,1,0,차대사람 - 기타,안전운전불이행,포장 - 건조,맑음,단일로 - 기타,이륜,남,42세,상해없음,보행자,남,8세,경상
1542,2018121300100379,2018년 12월 13일 15시,목요일,충청남도 천안시 서북구 두정동,중상사고,0,1,0,0,차대사람 - 기타,보행자보호의무위반,포장 - 건조,맑음,단일로 - 기타,화물,남,28세,상해없음,보행자,남,25세,중상
1543,2018121300100410,2018년 12월 13일 16시,목요일,충청남도 공주시 신관동,중상사고,0,1,0,0,차대사람 - 횡단중,안전운전불이행,포장 - 건조,맑음,단일로 - 기타,화물,남,70세,상해없음,보행자,여,32세,중상
1544,2018121400100010,2018년 12월 14일 00시,금요일,충청남도 천안시 서북구 두정동,중상사고,0,1,0,0,차대사람 - 횡단중,보행자보호의무위반,포장 - 기타,눈,단일로 - 기타,승용,남,46세,상해없음,보행자,여,44세,중상
1545,2018121400100272,2018년 12월 14일 13시,금요일,충청남도 천안시 서북구 쌍용동,중상사고,0,1,0,0,차대사람 - 기타,안전운전불이행,포장 - 건조,맑음,단일로 - 기타,승용,남,34세,상해없음,보행자,여,74세,중상
1546,2018121400100275,2018년 12월 14일 13시,금요일,충청남도 당진시 읍내리,중상사고,0,1,0,0,차대사람 - 횡단중,보행자보호의무위반,포장 - 건조,맑음,교차로 - 교차로횡단보도내,화물,남,39세,상해없음,보행자,여,44세,중상
1547,2018121400100311,2018년 12월 14일 14시,금요일,충청남도 공주시 중동,경상사고,0,0,1,0,차대사람 - 차도통행중,안전운전불이행,포장 - 건조,맑음,단일로 - 기타,승용,여,55세,기타불명,보행자,여,78세,경상
1548,2018121400100465,2018년 12월 14일 17시,금요일,충청남도 예산군 예산읍,중상사고,0,1,0,0,차대사람 - 횡단중,안전운전불이행,포장 - 건조,흐림,교차로 - 교차로안,승합,남,54세,상해없음,보행자,남,43세,중상
1549,2018121500100114,2018년 12월 15일 06시,토요일,충청남도 청양군 청양읍,중상사고,0,1,0,0,차대사람 - 횡단중,안전운전불이행,포장 - 건조,맑음,교차로 - 교차로부근,승용,여,62세,상해없음,보행자,여,69세,중상
1550,2018121500100577,2018년 12월 15일 19시,토요일,충청남도 천안시 동남구 대흥동,경상사고,0,0,1,0,차대사람 - 횡단중,안전운전불이행,포장 - 건조,맑음,교차로 - 교차로안,승용,남,49세,상해없음,보행자,남,70세,경상
1551,2018121500100604,2018년 12월 15일 20시,토요일,충청남도 금산군 금산읍,경상사고,0,0,2,0,차대사람 - 횡단중,안전운전불이행,포장 - 건조,흐림,교차로 - 교차로부근,이륜,남,26세,경상,보행자,남,23세,경상
1552,2018121600100004,2018년 12월 16일 00시,일요일,충청남도 보령시 신흑동,중상사고,0,1,0,0,차대사람 - 기타,안전운전불이행,포장 - 건조,맑음,주차장 - 주차장,승용,남,16세,상해없음,보행자,남,16세,중상
1553,2018121600100146,2018년 12월 16일 11시,일요일,충청남도 당진시 읍내리,경상사고,0,0,2,0,차대사람 - 보도통행중,보행자보호의무위반,포장 - 건조,맑음,교차로 - 교차로안,승합,남,35세,상해없음,보행자,남,42세,경상
1554,2018121600100341,2018년 12월 16일 19시,일요일,충청남도 서산시 동문동,경상사고,0,0,1,0,차대사람 - 횡단중,신호위반,포장 - 젖음/습기,흐림,교차로 - 교차로부근,승합,남,45세,상해없음,보행자,여,50세,경상
1555,2018121600100342,2018년 12월 16일 19시,일요일,충청남도 천안시 서북구 불당동,경상사고,0,0,1,0,차대사람 - 횡단중,보행자보호의무위반,포장 - 건조,맑음,단일로 - 기타,승용,여,53세,상해없음,보행자,남,51세,경상
1556,2018121700100049,2018년 12월 17일 05시,월요일,충청남도 홍성군 금마면,사망사고,1,0,0,0,차대사람 - 횡단중,중앙선침범,포장 - 건조,맑음,단일로 - 기타,승용,남,66세,상해없음,보행자,남,70세,사망
1557,2018121700100256,2018년 12월 17일 09시,월요일,충청남도 천안시 동남구 봉명동,경상사고,0,0,1,0,차대사람 - 차도통행중,안전운전불이행,포장 - 건조,맑음,교차로 - 교차로안,승용,여,49세,상해없음,보행자,여,56세,경상
1558,2018121700100432,2018년 12월 17일 15시,월요일,충청남도 공주시 신관동,경상사고,0,0,1,0,차대사람 - 횡단중,보행자보호의무위반,포장 - 건조,맑음,교차로 - 교차로안,승합,남,66세,상해없음,보행자,여,22세,경상
1559,2018121700100570,2018년 12월 17일 18시,월요일,충청남도 아산시 용화동,경상사고,0,0,1,0,차대사람 - 기타,안전운전불이행,포장 - 건조,맑음,교차로 - 교차로안,승용,여,29세,상해없음,보행자,여,76세,경상
1560,2018121700100571,2018년 12월 17일 18시,월요일,충청남도 아산시 배방읍,중상사고,0,1,0,0,차대사람 - 횡단중,신호위반,포장 - 건조,맑음,단일로 - 기타,승용,여,24세,상해없음,보행자,여,35세,중상
1561,2018121700100631,2018년 12월 17일 19시,월요일,충청남도 공주시 정안면,중상사고,0,1,0,0,차대사람 - 횡단중,안전운전불이행,포장 - 건조,흐림,단일로 - 기타,승용,남,75세,상해없음,보행자,남,74세,중상
1562,2018121700100657,2018년 12월 17일 20시,월요일,충청남도 천안시 서북구 직산읍,경상사고,0,0,1,0,차대사람 - 차도통행중,안전운전불이행,포장 - 건조,맑음,단일로 - 기타,승용,남,39세,상해없음,보행자,남,47세,경상
1563,2018121800100050,2018년 12월 18일 04시,화요일,충청남도 당진시 신평면,중상사고,0,1,0,0,차대사람 - 기타,안전운전불이행,포장 - 건조,맑음,기타 - 기타,화물,남,58세,상해없음,보행자,남,46세,중상
1564,2018121800100101,2018년 12월 18일 07시,화요일,충청남도 홍성군 홍북읍,사망사고,1,0,0,0,차대사람 - 횡단중,안전운전불이행,포장 - 건조,맑음,교차로 - 교차로안,승용,남,25세,상해없음,보행자,남,80세,사망
1565,2018121800100102,2018년 12월 18일 07시,화요일,충청남도 아산시 용화동,중상사고,0,1,0,0,차대사람 - 횡단중,보행자보호의무위반,포장 - 건조,맑음,교차로 - 교차로부근,승용,남,43세,상해없음,보행자,남,57세,중상
1566,2018121800100154,2018년 12월 18일 08시,화요일,충청남도 천안시 서북구 쌍용동,경상사고,0,0,1,0,차대사람 - 횡단중,안전운전불이행,포장 - 건조,맑음,교차로 - 교차로횡단보도내,승용,여,46세,상해없음,보행자,여,17세,경상
1567,2018121800100228,2018년 12월 18일 10시,화요일,충청남도 서산시 동문동,중상사고,0,1,0,0,차대사람 - 횡단중,보행자보호의무위반,포장 - 건조,맑음,교차로 - 교차로안,화물,남,68세,상해없음,보행자,남,87세,중상
1568,2018121800100230,2018년 12월 18일 10시,화요일,충청남도 천안시 동남구 풍세면,중상사고,0,1,0,0,차대사람 - 차도통행중,안전운전불이행,포장 - 건조,맑음,단일로 - 기타,승용,남,29세,상해없음,보행자,남,77세,중상
1569,2018121800100258,2018년 12월 18일 11시,화요일,충청남도 천안시 서북구 직산읍,사망사고,1,0,0,0,차대사람 - 기타,안전운전불이행,포장 - 건조,맑음,교차로 - 교차로부근,화물,남,53세,상해없음,보행자,여,75세,사망
1570,2018121800100314,2018년 12월 18일 13시,화요일,충청남도 서천군 서천읍,경상사고,0,0,1,0,차대사람 - 기타,안전운전불이행,포장 - 건조,맑음,주차장 - 주차장,승용,여,56세,상해없음,보행자,여,63세,경상
1571,2018121800100454,2018년 12월 18일 17시,화요일,충청남도 천안시 서북구 성정동,부상신고사고,0,0,0,1,차대사람 - 기타,기타,포장 - 건조,맑음,단일로 - 기타,승합,남,54세,상해없음,보행자,여,55세,부상신고
1572,2018121800100643,2018년 12월 18일 22시,화요일,충청남도 천안시 서북구 쌍용동,경상사고,0,0,1,0,차대사람 - 기타,안전운전불이행,포장 - 건조,맑음,교차로 - 교차로부근,승용,여,40세,상해없음,보행자,남,31세,경상
1573,2018121900100013,2018년 12월 19일 00시,수요일,충청남도 당진시 읍내리,경상사고,0,0,1,0,차대사람 - 기타,안전운전불이행,포장 - 건조,맑음,단일로 - 기타,승용,남,37세,상해없음,보행자,남,35세,경상
1574,2018121900100105,2018년 12월 19일 07시,수요일,충청남도 천안시 동남구 청수동,경상사고,0,0,1,0,차대사람 - 기타,안전운전불이행,포장 - 건조,맑음,단일로 - 기타,기타불명,기타불명,미분류,기타불명,보행자,여,33세,경상
1575,2018121900100202,2018년 12월 19일 10시,수요일,충청남도 태안군 원북면,중상사고,0,1,0,0,차대사람 - 기타,안전운전불이행,포장 - 건조,맑음,교차로 - 교차로부근,승합,여,65세,상해없음,보행자,여,82세,중상
1576,2018121900100292,2018년 12월 19일 13시,수요일,충청남도 아산시 온천동,중상사고,0,1,0,0,차대사람 - 기타,안전운전불이행,포장 - 건조,맑음,단일로 - 기타,승용,여,51세,상해없음,보행자,남,87세,중상
1577,2018121900100540,2018년 12월 19일 19시,수요일,충청남도 아산시 둔포면,사망사고,1,0,0,0,차대사람 - 횡단중,안전운전불이행,포장 - 건조,맑음,단일로 - 기타,승용,남,38세,상해없음,보행자,여,73세,사망
1578,2018121900100595,2018년 12월 19일 21시,수요일,충청남도 당진시 읍내리,중상사고,0,1,0,0,차대사람 - 횡단중,안전운전불이행,포장 - 건조,기타,단일로 - 기타,승용,남,25세,상해없음,보행자,여,55세,중상