,사고번호,사고일시,요일,시군구,사고내용,사망자수,중상자수,경상자수,부상신고자수,사고유형,법규위반,노면상태,기상상태,도로형태,가해운전자 차종,가해운전자 성별,가해운전자 연령,가해운전자 상해정도,피해운전자 차종,피해운전자 성별,피해운전자 연령,피해운전자 상해정도
2253,2019052400100769,2019년 5월 24일 23시,금요일,충청남도 천안시 서북구 성정동,경상사고,0,0,1,0,차대사람 - 차도통행중,보행자보호의무위반,포장 - 건조,맑음,단일로 - 기타,승용,남,47세,상해없음,보행자,남,32세,경상
2254,2019052500100182,2019년 5월 25일 09시,토요일,충청남도 공주시 금학동,경상사고,0,0,1,0,차대사람 - 횡단중,안전운전불이행,포장 - 건조,맑음,교차로 - 교차로부근,화물,남,65세,상해없음,보행자,여,59세,경상
2255,2019052500100450,2019년 5월 25일 16시,토요일,충청남도 논산시 연무읍,중상사고,0,1,0,0,차대사람 - 기타,안전운전불이행,포장 - 건조,맑음,교차로 - 교차로안,승용,남,47세,상해없음,보행자,남,68세,중상
2256,2019052500100491,2019년 5월 25일 17시,토요일,충청남도 금산군 금산읍,경상사고,0,0,1,0,차대사람 - 기타,안전운전불이행,포장 - 건조,맑음,단일로 - 기타,승용,여,50세,상해없음,보행자,여,90세 이상,경상
2257,2019052500100564,2019년 5월 25일 19시,토요일,충청남도 천안시 서북구 와촌동,경상사고,0,0,1,0,차대사람 - 기타,안전운전불이행,포장 - 건조,맑음,단일로 - 기타,자전거,남,13세,상해없음,보행자,여,49세,경상
2258,2019052500100591,2019년 5월 25일 20시,토요일,충청남도 홍성군 홍성읍,경상사고,0,0,1,0,차대사람 - 기타,안전운전불이행,포장 - 건조,맑음,단일로 - 기타,승용,여,40세,상해없음,보행자,남,44세,경상
2259,2019052500100629,2019년 5월 25일 21시,토요일,충청남도 서산시 동문동,경상사고,0,0,1,0,차대사람 - 횡단중,보행자보호의무위반,포장 - 건조,맑음,교차로 - 교차로안,승용,남,42세,상해없음,보행자,여,46세,경상
2260,2019052500100630,2019년 5월 25일 21시,토요일,충청남도 보령시 신흑동,중상사고,0,1,0,0,차대사람 - 기타,안전운전불이행,포장 - 건조,맑음,단일로 - 기타,원동기,여,46세,상해없음,보행자,여,53세,중상
2261,2019052500100661,2019년 5월 25일 22시,토요일,충청남도 서산시 예천동,중상사고,0,1,0,0,차대사람 - 횡단중,안전운전불이행,포장 - 건조,맑음,단일로 - 기타,승용,남,38세,상해없음,보행자,남,58세,중상
2262,2019052600100222,2019년 5월 26일 12시,일요일,충청남도 서산시 동문동,경상사고,0,0,1,0,차대사람 - 횡단중,안전운전불이행,포장 - 건조,맑음,단일로 - 기타,승용,남,60세,상해없음,보행자,남,8세,경상
2263,2019052600100224,2019년 5월 26일 12시,일요일,충청남도 서천군 기산면,중상사고,0,1,0,0,차대사람 - 길가장자리구역통행중,안전운전불이행,포장 - 건조,맑음,단일로 - 기타,화물,남,50세,상해없음,보행자,남,68세,중상
2264,2019052600100400,2019년 5월 26일 17시,일요일,충청남도 천안시 서북구 두정동,경상사고,0,0,1,0,차대사람 - 기타,중앙선침범,포장 - 건조,맑음,단일로 - 기타,화물,여,58세,상해없음,보행자,남,57세,경상
2265,2019052700100443,2019년 5월 27일 16시,월요일,충청남도 금산군 금산읍,중상사고,0,1,0,0,차대사람 - 기타,안전운전불이행,포장 - 젖음/습기,흐림,교차로 - 교차로안,승용,남,55세,상해없음,보행자,여,11세,중상
2266,2019052700100579,2019년 5월 27일 20시,월요일,충청남도 천안시 동남구 신방동,중상사고,0,1,0,0,차대사람 - 횡단중,보행자보호의무위반,포장 - 건조,맑음,교차로 - 교차로안,승합,남,47세,상해없음,보행자,여,49세,중상
2267,2019052700100630,2019년 5월 27일 22시,월요일,충청남도 아산시 온천동,경상사고,0,0,1,0,차대사람 - 기타,안전운전불이행,포장 - 건조,맑음,교차로 - 교차로안,승용,남,58세,상해없음,보행자,남,51세,경상
2268,2019052800100140,2019년 5월 28일 08시,화요일,충청남도 천안시 동남구 신부동,중상사고,0,1,0,0,차대사람 - 횡단중,안전운전불이행,포장 - 건조,맑음,교차로 - 교차로부근,승용,남,27세,상해없음,보행자,여,7세,중상
2269,2019052900100319,2019년 5월 29일 13시,수요일,충청남도 천안시 동남구 사직동,중상사고,0,1,0,0,차대사람 - 기타,안전운전불이행,포장 - 건조,맑음,단일로 - 기타,기타불명,기타불명,미분류,기타불명,보행자,여,81세,중상
2270,2019052900100348,2019년 5월 29일 14시,수요일,충청남도 논산시 연산면,중상사고,0,1,0,0,차대사람 - 횡단중,안전운전불이행,포장 - 건조,맑음,교차로 - 교차로안,승용,여,45세,상해없음,보행자,남,76세,중상
2271,2019052900100349,2019년 5월 29일 14시,수요일,충청남도 금산군 금산읍,경상사고,0,0,1,0,차대사람 - 기타,안전운전불이행,포장 - 건조,맑음,단일로 - 기타,승용,남,76세,상해없음,보행자,여,61세,경상
2272,2019052900100505,2019년 5월 29일 17시,수요일,충청남도 서천군 서천읍,경상사고,0,0,1,0,차대사람 - 기타,불법유턴,포장 - 건조,맑음,주차장 - 주차장,승용,남,42세,상해없음,보행자,여,55세,경상
2273,2019052900100642,2019년 5월 29일 20시,수요일,충청남도 당진시 채운동,경상사고,0,0,1,0,차대사람 - 횡단중,안전운전불이행,포장 - 건조,맑음,교차로 - 교차로안,승합,여,49세,상해없음,보행자,남,59세,경상
2274,2019052900100677,2019년 5월 29일 21시,수요일,충청남도 아산시 모종동,경상사고,0,0,1,0,차대사람 - 횡단중,안전운전불이행,포장 - 건조,맑음,단일로 - 기타,승합,여,38세,상해없음,보행자,남,25세,경상
2275,2019053000100485,2019년 5월 30일 18시,목요일,충청남도 천안시 동남구 신방동,경상사고,0,0,1,0,차대사람 - 횡단중,보행자보호의무위반,포장 - 건조,맑음,교차로 - 교차로안,승용,남,51세,상해없음,보행자,남,50세,경상
2276,2019053000100590,2019년 5월 30일 21시,목요일,충청남도 아산시 음봉면,중상사고,0,1,0,0,차대사람 - 기타,안전운전불이행,포장 - 건조,맑음,단일로 - 기타,승용,남,29세,상해없음,보행자,남,50세,중상
2277,2019053000100616,2019년 5월 30일 22시,목요일,충청남도 천안시 동남구 병천면,중상사고,0,1,0,0,차대사람 - 횡단중,안전운전불이행,포장 - 건조,맑음,단일로 - 기타,승용,여,57세,상해없음,보행자,여,18세,중상
2278,2019053100100153,2019년 5월 31일 08시,금요일,충청남도 천안시 서북구 백석동,중상사고,0,1,0,0,차대사람 - 횡단중,보행자보호의무위반,포장 - 건조,맑음,교차로 - 교차로횡단보도내,승용,남,37세,상해없음,보행자,남,36세,중상
2279,2019053100100376,2019년 5월 31일 14시,금요일,충청남도 논산시 내동,중상사고,0,1,0,0,차대사람 - 횡단중,보행자보호의무위반,포장 - 건조,맑음,교차로 - 교차로부근,승용,여,44세,상해없음,보행자,남,11세,중상
2280,2019053100100475,2019년 5월 31일 16시,금요일,충청남도 논산시 연산면,중상사고,0,1,0,0,차대사람 - 횡단중,안전운전불이행,포장 - 건조,맑음,교차로 - 교차로안,승합,남,46세,상해없음,보행자,남,84세,중상
2281,2019053100100710,2019년 5월 31일 21시,금요일,충청남도 아산시 온천동,경상사고,0,0,1,0,차대사람 - 기타,안전운전불이행,포장 - 건조,맑음,교차로 - 교차로횡단보도내,기타불명,기타불명,미분류,기타불명,보행자,남,40세,경상
2282,2019053100100754,2019년 5월 31일 22시,금요일,충청남도 당진시 읍내리,경상사고,0,0,1,0,차대사람 - 보도통행중,안전운전불이행,포장 - 건조,맑음,교차로 - 교차로부근,이륜,남,23세,상해없음,보행자,여,9세,경상
2283,2019053100100788,2019년 5월 31일 23시,금요일,충청남도 보령시 동대동,중상사고,0,1,0,0,차대사람 - 횡단중,안전운전불이행,포장 - 건조,맑음,단일로 - 기타,승용,남,32세,상해없음,보행자,남,30세,중상
2284,2019060100100168,2019년 6월 1일 09시,토요일,충청남도 보령시 신흑동,경상사고,0,0,1,0,차대사람 - 기타,안전운전불이행,포장 - 건조,맑음,단일로 - 기타,화물,남,66세,상해없음,보행자,남,39세,경상
2285,2019060100100192,2019년 6월 1일 10시,토요일,충청남도 천안시 서북구 불당동,중상사고,0,1,0,0,차대사람 - 횡단중,보행자보호의무위반,포장 - 건조,맑음,교차로 - 교차로안,승용,여,60세,상해없음,보행자,남,6세,중상
2286,2019060100100593,2019년 6월 1일 22시,토요일,충청남도 홍성군 광천읍,사망사고,1,0,0,0,차대사람 - 차도통행중,안전운전불이행,포장 - 건조,맑음,단일로 - 기타,승용,남,29세,상해없음,보행자,여,58세,사망
2287,2019060200100064,2019년 6월 2일 04시,일요일,충청남도 천안시 서북구 백석동,경상사고,0,0,1,0,차대사람 - 기타,안전운전불이행,포장 - 건조,맑음,교차로 - 교차로안,승용,남,28세,상해없음,보행자,남,31세,경상
2288,2019060200100109,2019년 6월 2일 08시,일요일,충청남도 청양군 청양읍,중상사고,0,1,1,0,차대사람 - 기타,안전운전불이행,포장 - 건조,맑음,단일로 - 기타,이륜,남,83세,경상,보행자,남,80세,중상
2289,2019060200100167,2019년 6월 2일 11시,일요일,충청남도 예산군 응봉면,부상신고사고,0,0,0,1,차대사람 - 기타,안전운전불이행,포장 - 건조,맑음,단일로 - 기타,기타불명,기타불명,미분류,기타불명,보행자,남,59세,부상신고
2290,2019060200100396,2019년 6월 2일 19시,일요일,충청남도 천안시 서북구 쌍용동,경상사고,0,0,1,0,차대사람 - 기타,안전운전불이행,포장 - 건조,맑음,교차로 - 교차로부근,승용,남,26세,상해없음,보행자,남,29세,경상
2291,2019060200100397,2019년 6월 2일 19시,일요일,충청남도 아산시 온천동,경상사고,0,0,1,0,차대사람 - 횡단중,안전운전불이행,포장 - 건조,맑음,단일로 - 기타,이륜,남,38세,상해없음,보행자,남,48세,경상
2292,2019060300100222,2019년 6월 3일 10시,월요일,충청남도 홍성군 홍성읍,중상사고,0,1,0,0,차대사람 - 횡단중,보행자보호의무위반,포장 - 건조,맑음,교차로 - 교차로안,화물,남,58세,상해없음,보행자,남,79세,중상
2293,2019060300100223,2019년 6월 3일 10시,월요일,충청남도 아산시 온천동,부상신고사고,0,0,0,1,차대사람 - 횡단중,안전운전불이행,포장 - 기타,맑음,단일로 - 기타,승용,남,50세,상해없음,보행자,여,46세,부상신고
2294,2019060300100318,2019년 6월 3일 13시,월요일,충청남도 서천군 마서면,경상사고,0,0,2,0,차대사람 - 차도통행중,안전운전불이행,포장 - 건조,맑음,교차로 - 교차로부근,이륜,남,70세,경상,보행자,남,84세,경상
2295,2019060300100353,2019년 6월 3일 14시,월요일,충청남도 천안시 동남구 신부동,경상사고,0,0,1,0,차대사람 - 기타,안전운전불이행,포장 - 건조,맑음,단일로 - 기타,이륜,남,82세,상해없음,보행자,여,21세,경상
2296,2019060300100433,2019년 6월 3일 16시,월요일,충청남도 예산군 예산읍,중상사고,0,1,0,0,차대사람 - 횡단중,보행자보호의무위반,포장 - 건조,맑음,단일로 - 기타,승합,남,63세,상해없음,보행자,여,80세,중상
2297,2019060300100461,2019년 6월 3일 17시,월요일,충청남도 홍성군 구항면,사망사고,1,0,0,0,차대사람 - 차도통행중,안전운전불이행,포장 - 건조,맑음,교차로 - 교차로안,농기계,남,64세,상해없음,보행자,남,71세,사망
2298,2019060300100625,2019년 6월 3일 23시,월요일,충청남도 당진시 송악읍,경상사고,0,0,1,0,차대사람 - 차도통행중,안전운전불이행,포장 - 건조,맑음,단일로 - 기타,승용,남,51세,상해없음,보행자,남,54세,경상
2299,2019060400100347,2019년 6월 4일 14시,화요일,충청남도 서산시 석림동,중상사고,0,1,0,0,차대사람 - 기타,안전운전불이행,포장 - 건조,맑음,단일로 - 기타,승용,남,50세,상해없음,보행자,여,76세,중상
2300,2019060400100348,2019년 6월 4일 14시,화요일,충청남도 천안시 서북구 성정동,경상사고,0,0,1,0,차대사람 - 횡단중,신호위반,포장 - 건조,맑음,교차로 - 교차로안,승용,여,43세,상해없음,보행자,여,23세,경상
2301,2019060400100480,2019년 6월 4일 17시,화요일,충청남도 서산시 예천동,중상사고,0,1,0,0,차대사람 - 차도통행중,보행자보호의무위반,포장 - 건조,맑음,교차로 - 교차로안,승용,남,52세,상해없음,보행자,남,74세,중상
2302,2019060400100539,2019년 6월 4일 18시,화요일,충청남도 태안군 소원면,부상신고사고,0,0,0,1,차대사람 - 기타,안전운전불이행,포장 - 건조,맑음,단일로 - 기타,기타불명,기타불명,미분류,기타불명,보행자,여,77세,부상신고
2303,2019060400100683,2019년 6월 4일 23시,화요일,충청남도 홍성군 홍성읍,경상사고,0,0,1,0,차대사람 - 횡단중,안전운전불이행,포장 - 건조,맑음,단일로 - 기타,승용,여,56세,상해없음,보행자,남,47세,경상
2304,2019060500100139,2019년 6월 5일 08시,수요일,충청남도 천안시 동남구 대흥동,중상사고,0,1,0,0,차대사람 - 기타,안전운전불이행,포장 - 건조,맑음,단일로 - 기타,승합,남,35세,기타불명,보행자,남,60세,중상
2305,2019060500100316,2019년 6월 5일 13시,수요일,충청남도 천안시 동남구 영성동,경상사고,0,0,1,0,차대사람 - 횡단중,보행자보호의무위반,포장 - 건조,맑음,교차로 - 교차로안,승용,남,77세,상해없음,보행자,남,89세,경상
2306,2019060500100395,2019년 6월 5일 15시,수요일,충청남도 서산시 동문동,중상사고,0,1,0,0,차대사람 - 기타,기타,포장 - 건조,맑음,단일로 - 기타,자전거,남,50세,상해없음,보행자,여,85세,중상
2307,2019060600100555,2019년 6월 6일 21시,목요일,충청남도 천안시 서북구 직산읍,경상사고,0,0,2,0,차대사람 - 차도통행중,안전운전불이행,포장 - 젖음/습기,비,단일로 - 기타,이륜,남,29세,상해없음,보행자,남,50세,경상
2308,2019060600100601,2019년 6월 6일 22시,목요일,충청남도 보령시 신흑동,중상사고,0,1,0,0,차대사람 - 횡단중,보행자보호의무위반,포장 - 젖음/습기,비,교차로 - 교차로안,승용,남,35세,상해없음,보행자,남,30세,중상
2309,2019060700100423,2019년 6월 7일 16시,금요일,충청남도 천안시 서북구 성환읍,경상사고,0,0,1,0,차대사람 - 기타,안전운전불이행,포장 - 건조,맑음,단일로 - 기타,화물,남,47세,기타불명,보행자,남,61세,경상
2310,2019060700100503,2019년 6월 7일 18시,금요일,충청남도 아산시 방축동,부상신고사고,0,0,0,1,차대사람 - 기타,기타,포장 - 건조,맑음,단일로 - 기타,승용,여,54세,상해없음,보행자,남,14세,부상신고
2311,2019060700100668,2019년 6월 7일 23시,금요일,충청남도 서산시 동문동,경상사고,0,0,1,0,차대사람 - 횡단중,안전운전불이행,포장 - 건조,맑음,교차로 - 교차로안,승용,남,27세,상해없음,보행자,남,51세,경상
2312,2019060800100193,2019년 6월 8일 10시,토요일,충청남도 공주시 유구읍,중상사고,0,1,0,0,차대사람 - 기타,안전운전불이행,포장 - 건조,맑음,주차장 - 주차장,승용,여,49세,상해없음,보행자,여,84세,중상
2313,2019060800100313,2019년 6월 8일 13시,토요일,충청남도 예산군 예산읍,중상사고,0,1,0,0,차대사람 - 기타,안전운전불이행,포장 - 건조,맑음,기타 - 기타,승합,남,61세,상해없음,보행자,남,70세,중상
2314,2019060800100364,2019년 6월 8일 14시,토요일,충청남도 예산군 응봉면,중상사고,0,1,1,0,차대사람 - 횡단중,보행자보호의무위반,포장 - 건조,맑음,단일로 - 기타,승용,여,52세,상해없음,보행자,남,66세,중상
2315,2019060800100624,2019년 6월 8일 22시,토요일,충청남도 보령시 신흑동,중상사고,0,1,0,0,차대사람 - 횡단중,안전운전불이행,포장 - 건조,맑음,교차로 - 교차로안,승용,여,19세,상해없음,보행자,남,29세,중상
2316,2019060900100079,2019년 6월 9일 04시,일요일,충청남도 천안시 서북구 두정동,경상사고,0,0,1,0,차대사람 - 차도통행중,안전운전불이행,포장 - 건조,맑음,단일로 - 기타,승용,남,31세,상해없음,보행자,여,20세,경상
2317,2019060900100184,2019년 6월 9일 11시,일요일,충청남도 논산시 강경읍,경상사고,0,0,1,0,차대사람 - 차도통행중,안전운전불이행,포장 - 건조,맑음,단일로 - 기타,승용,남,31세,상해없음,보행자,여,56세,경상
2318,2019060900100201,2019년 6월 9일 12시,일요일,충청남도 보령시 신흑동,경상사고,0,0,1,0,차대사람 - 기타,안전운전불이행,포장 - 건조,맑음,단일로 - 기타,승용,남,60세,상해없음,보행자,여,61세,경상
2319,2019060900100315,2019년 6월 9일 16시,일요일,충청남도 홍성군 광천읍,중상사고,0,1,0,0,차대사람 - 기타,안전운전불이행,포장 - 건조,맑음,기타 - 기타,승용,남,38세,상해없음,보행자,여,61세,중상
2320,2019061000100311,2019년 6월 10일 13시,월요일,충청남도 부여군 부여읍,중상사고,0,1,0,0,차대사람 - 기타,기타,포장 - 건조,맑음,기타 - 기타,승합,남,56세,상해없음,보행자,여,80세,중상
2321,2019061000100312,2019년 6월 10일 13시,월요일,충청남도 청양군 청양읍,중상사고,0,1,0,0,차대사람 - 횡단중,보행자보호의무위반,포장 - 건조,맑음,기타 - 기타,이륜,남,55세,상해없음,보행자,여,76세,중상
2322,2019061000100351,2019년 6월 10일 14시,월요일,충청남도 서산시 동문동,경상사고,0,0,1,0,차대사람 - 횡단중,보행자보호의무위반,포장 - 건조,맑음,단일로 - 기타,승합,여,42세,상해없음,보행자,여,9세,경상
2323,2019061000100518,2019년 6월 10일 18시,월요일,충청남도 아산시 온천동,중상사고,0,1,0,0,차대사람 - 기타,안전운전불이행,포장 - 젖음/습기,비,교차로 - 교차로부근,승용,남,26세,상해없음,보행자,남,66세,중상
2324,2019061100100055,2019년 6월 11일 02시,화요일,충청남도 논산시 취암동,경상사고,0,0,1,0,차대사람 - 기타,안전운전불이행,포장 - 건조,맑음,교차로 - 교차로부근,승용,남,50세,상해없음,보행자,남,34세,경상
2325,2019061100100149,2019년 6월 11일 08시,화요일,충청남도 당진시 신평면,경상사고,0,0,1,0,차대사람 - 차도통행중,안전운전불이행,포장 - 건조,맑음,단일로 - 기타,승용,남,52세,상해없음,보행자,남,56세,경상
2326,2019061100100451,2019년 6월 11일 17시,화요일,충청남도 천안시 서북구 두정동,경상사고,0,0,1,0,차대사람 - 기타,보행자보호의무위반,포장 - 건조,맑음,교차로 - 교차로횡단보도내,승용,남,54세,상해없음,보행자,여,19세,경상
2327,2019061200100354,2019년 6월 12일 15시,수요일,충청남도 논산시 취암동,경상사고,0,0,1,0,차대사람 - 기타,안전운전불이행,포장 - 건조,맑음,단일로 - 기타,승용,남,64세,상해없음,보행자,여,14세,경상
2328,2019061200100466,2019년 6월 12일 18시,수요일,충청남도 서산시 해미면,사망사고,1,0,0,0,차대사람 - 횡단중,안전운전불이행,포장 - 건조,맑음,교차로 - 교차로안,승용,남,45세,상해없음,보행자,남,48세,사망
2329,2019061200100540,2019년 6월 12일 20시,수요일,충청남도 천안시 서북구 성환읍,중상사고,0,1,0,0,차대사람 - 횡단중,안전운전불이행,포장 - 건조,맑음,교차로 - 교차로부근,승용,남,25세,상해없음,보행자,여,72세,중상
2330,2019061300100029,2019년 6월 13일 00시,목요일,충청남도 당진시 합덕읍,중상사고,0,1,0,0,차대사람 - 길가장자리구역통행중,안전운전불이행,포장 - 건조,맑음,교차로 - 교차로안,승용,남,36세,중상,보행자,여,20세,상해없음
2331,2019061300100130,2019년 6월 13일 08시,목요일,충청남도 홍성군 홍성읍,경상사고,0,0,1,0,차대사람 - 기타,안전운전불이행,포장 - 건조,맑음,교차로 - 교차로부근,이륜,남,39세,상해없음,보행자,여,74세,경상
2332,2019061300100174,2019년 6월 13일 09시,목요일,충청남도 서천군 화양면,중상사고,0,1,0,0,차대사람 - 보도통행중,보행자보호의무위반,포장 - 건조,맑음,단일로 - 기타,화물,남,62세,상해없음,보행자,남,67세,중상
2333,2019061300100207,2019년 6월 13일 10시,목요일,충청남도 보령시 대천동,경상사고,0,0,1,0,차대사람 - 기타,안전운전불이행,포장 - 건조,맑음,단일로 - 기타,승합,남,44세,상해없음,보행자,남,66세,경상
2334,2019061300100208,2019년 6월 13일 10시,목요일,충청남도 보령시 명천동,경상사고,0,0,1,0,차대사람 - 횡단중,보행자보호의무위반,포장 - 건조,맑음,교차로 - 교차로횡단보도내,승용,남,81세,상해없음,보행자,여,86세,경상
2335,2019061300100268,2019년 6월 13일 12시,목요일,충청남도 보령시 대천동,경상사고,0,0,1,0,차대사람 - 기타,안전운전불이행,포장 - 건조,맑음,단일로 - 기타,화물,여,64세,상해없음,보행자,남,59세,경상
2336,2019061300100489,2019년 6월 13일 18시,목요일,충청남도 서산시 동문동,사망사고,1,0,0,0,차대사람 - 기타,기타,포장 - 건조,맑음,단일로 - 기타,승용,여,49세,상해없음,보행자,여,75세,사망
2337,2019061400100703,2019년 6월 14일 23시,금요일,충청남도 아산시 배방읍,경상사고,0,0,1,0,차대사람 - 횡단중,안전운전불이행,포장 - 건조,맑음,단일로 - 기타,승용,남,20세,상해없음,보행자,남,41세,경상
2338,2019061500100045,2019년 6월 15일 01시,토요일,충청남도 서산시 예천동,경상사고,0,0,1,0,차대사람 - 횡단중,안전운전불이행,포장 - 건조,맑음,교차로 - 교차로부근,승용,남,40세,상해없음,보행자,남,40세,상해없음
2339,2019061500100112,2019년 6월 15일 06시,토요일,충청남도 서산시 예천동,중상사고,0,1,0,0,차대사람 - 횡단중,신호위반,포장 - 건조,맑음,교차로 - 교차로횡단보도내,승합,남,56세,상해없음,보행자,남,75세,중상
2340,2019061500100208,2019년 6월 15일 10시,토요일,충청남도 예산군 응봉면,경상사고,0,0,1,0,차대사람 - 길가장자리구역통행중,안전운전불이행,포장 - 건조,맑음,단일로 - 기타,승용,여,63세,상해없음,보행자,여,82세,경상
2341,2019061500100248,2019년 6월 15일 11시,토요일,충청남도 천안시 서북구 불당동,경상사고,0,0,1,0,차대사람 - 횡단중,보행자보호의무위반,포장 - 건조,맑음,단일로 - 기타,승용,남,72세,상해없음,보행자,남,9세,경상
2342,2019061500100249,2019년 6월 15일 11시,토요일,충청남도 서천군 서천읍,중상사고,0,1,0,0,차대사람 - 기타,안전운전불이행,포장 - 건조,맑음,주차장 - 주차장,화물,남,72세,상해없음,보행자,여,77세,중상
2343,2019061500100385,2019년 6월 15일 14시,토요일,충청남도 태안군 안면읍,경상사고,0,0,2,0,차대사람 - 기타,안전운전불이행,포장 - 건조,맑음,주차장 - 주차장,승용,남,31세,상해없음,보행자,남,5세,경상
2344,2019061500100433,2019년 6월 15일 15시,토요일,충청남도 공주시 반포면,중상사고,0,1,0,0,차대사람 - 길가장자리구역통행중,안전운전불이행,포장 - 건조,맑음,단일로 - 기타,승용,여,37세,상해없음,보행자,남,56세,중상
2345,2019061500100633,2019년 6월 15일 20시,토요일,충청남도 당진시 읍내리,경상사고,0,0,2,0,차대사람 - 횡단중,보행자보호의무위반,포장 - 건조,맑음,단일로 - 기타,이륜,남,18세,상해없음,보행자,남,48세,경상
2346,2019061600100051,2019년 6월 16일 01시,일요일,충청남도 천안시 동남구 신방동,부상신고사고,0,0,0,1,차대사람 - 기타,안전운전불이행,포장 - 건조,맑음,교차로 - 교차로안,승용,남,53세,상해없음,보행자,남,48세,부상신고
2347,2019061600100128,2019년 6월 16일 08시,일요일,충청남도 천안시 서북구 성정동,경상사고,0,0,1,0,차대사람 - 횡단중,안전운전불이행,포장 - 건조,맑음,단일로 - 기타,이륜,남,39세,상해없음,보행자,여,79세,경상
2348,2019061600100287,2019년 6월 16일 14시,일요일,충청남도 천안시 서북구 성거읍,경상사고,0,0,1,0,차대사람 - 횡단중,보행자보호의무위반,포장 - 건조,맑음,교차로 - 교차로횡단보도내,승용,남,57세,상해없음,보행자,남,7세,경상
2349,2019061600100382,2019년 6월 16일 17시,일요일,충청남도 천안시 동남구 사직동,중상사고,0,1,0,0,차대사람 - 기타,안전운전불이행,포장 - 건조,맑음,단일로 - 기타,승용,남,27세,상해없음,보행자,남,68세,중상
2350,2019061600100454,2019년 6월 16일 20시,일요일,충청남도 논산시 강경읍,중상사고,0,1,0,0,차대사람 - 횡단중,안전운전불이행,포장 - 건조,맑음,단일로 - 기타,승용,남,32세,상해없음,보행자,남,59세,중상
2351,2019061600100515,2019년 6월 16일 23시,일요일,충청남도 서산시 석남동,경상사고,0,0,1,0,차대사람 - 기타,안전운전불이행,포장 - 건조,맑음,주차장 - 주차장,특수,남,47세,상해없음,보행자,남,39세,경상
2352,2019061700100063,2019년 6월 17일 06시,월요일,충청남도 공주시 유구읍,경상사고,0,0,1,0,차대사람 - 차도통행중,안전운전불이행,포장 - 건조,맑음,단일로 - 기타,화물,남,51세,상해없음,보행자,남,28세,경상
2353,2019061700100161,2019년 6월 17일 09시,월요일,충청남도 논산시 취암동,경상사고,0,0,1,0,차대사람 - 횡단중,안전운전불이행,포장 - 건조,맑음,단일로 - 기타,승용,여,56세,상해없음,보행자,여,70세,경상
2354,2019061700100205,2019년 6월 17일 10시,월요일,충청남도 공주시 유구읍,중상사고,0,1,0,0,차대사람 - 기타,안전운전불이행,포장 - 건조,맑음,교차로 - 교차로부근,승용,남,61세,상해없음,보행자,여,83세,중상
2355,2019061700100237,2019년 6월 17일 11시,월요일,충청남도 천안시 서북구 쌍용동,경상사고,0,0,1,0,차대사람 - 기타,안전운전불이행,포장 - 건조,맑음,단일로 - 기타,승용,남,60세,상해없음,보행자,남,20세,경상
2356,2019061700100302,2019년 6월 17일 13시,월요일,충청남도 아산시 온천동,중상사고,0,1,0,0,차대사람 - 보도통행중,안전운전불이행,포장 - 건조,맑음,단일로 - 기타,승용,남,67세,상해없음,보행자,남,68세,중상
2357,2019061700100338,2019년 6월 17일 14시,월요일,충청남도 서산시 동문동,경상사고,0,0,2,0,차대사람 - 횡단중,보행자보호의무위반,포장 - 건조,맑음,교차로 - 교차로횡단보도내,승용,남,30세,상해없음,보행자,여,8세,경상
2358,2019061700100441,2019년 6월 17일 16시,월요일,충청남도 천안시 서북구 불당동,중상사고,0,1,0,0,차대사람 - 횡단중,안전운전불이행,포장 - 건조,맑음,교차로 - 교차로안,승용,여,44세,상해없음,보행자,남,10세,중상
2359,2019061800100230,2019년 6월 18일 10시,화요일,충청남도 논산시 취암동,중상사고,0,1,0,0,차대사람 - 횡단중,보행자보호의무위반,포장 - 건조,맑음,교차로 - 교차로안,승용,여,51세,상해없음,보행자,여,51세,중상
2360,2019061800100409,2019년 6월 18일 16시,화요일,충청남도 아산시 탕정면,경상사고,0,0,1,0,차대사람 - 기타,보행자보호의무위반,포장 - 건조,맑음,교차로 - 교차로안,승합,남,47세,상해없음,보행자,남,35세,경상
2361,2019061800100603,2019년 6월 18일 21시,화요일,충청남도 천안시 서북구 두정동,경상사고,0,0,1,0,차대사람 - 횡단중,보행자보호의무위반,포장 - 건조,맑음,단일로 - 기타,이륜,남,21세,상해없음,보행자,남,31세,경상
2362,2019061800100657,2019년 6월 18일 23시,화요일,충청남도 보령시 대천동,중상사고,0,1,0,0,차대사람 - 기타,안전운전불이행,포장 - 건조,맑음,단일로 - 기타,승용,남,28세,상해없음,보행자,여,68세,중상
2363,2019061900100130,2019년 6월 19일 08시,수요일,충청남도 천안시 동남구 안서동,중상사고,0,1,0,0,차대사람 - 횡단중,보행자보호의무위반,포장 - 건조,맑음,단일로 - 기타,승용,남,24세,상해없음,보행자,여,29세,중상
2364,2019061900100273,2019년 6월 19일 12시,수요일,충청남도 아산시 음봉면,중상사고,0,1,0,0,차대사람 - 기타,안전운전불이행,포장 - 건조,맑음,기타 - 기타,기타불명,기타불명,미분류,기타불명,보행자,남,24세,중상
2365,2019061900100394,2019년 6월 19일 16시,수요일,충청남도 홍성군 홍성읍,중상사고,0,1,0,0,차대사람 - 기타,안전운전불이행,포장 - 건조,맑음,주차장 - 주차장,승용,여,49세,상해없음,보행자,남,65세,중상