,사고번호,사고일시,요일,시군구,사고내용,사망자수,중상자수,경상자수,부상신고자수,사고유형,법규위반,노면상태,기상상태,도로형태,가해운전자 차종,가해운전자 성별,가해운전자 연령,가해운전자 상해정도,피해운전자 차종,피해운전자 성별,피해운전자 연령,피해운전자 상해정도
2366,2019061900100568,2019년 6월 19일 20시,수요일,충청남도 논산시 취암동,중상사고,0,1,1,0,차대사람 - 기타,안전운전불이행,포장 - 건조,맑음,주차장 - 주차장,승용,여,27세,상해없음,보행자,여,18세,경상
2367,2019061900100593,2019년 6월 19일 21시,수요일,충청남도 예산군 덕산면,부상신고사고,0,0,0,1,차대사람 - 횡단중,안전운전불이행,포장 - 건조,맑음,교차로 - 교차로안,승용,남,49세,상해없음,보행자,남,46세,부상신고
2368,2019062000100148,2019년 6월 20일 08시,목요일,충청남도 서산시 동문동,경상사고,0,0,1,0,차대사람 - 길가장자리구역통행중,안전운전불이행,포장 - 건조,맑음,단일로 - 기타,승용,여,56세,상해없음,보행자,여,46세,경상
2369,2019062000100248,2019년 6월 20일 11시,목요일,충청남도 아산시 온천동,중상사고,0,1,0,0,차대사람 - 기타,안전운전불이행,포장 - 건조,맑음,기타 - 기타,기타불명,기타불명,미분류,기타불명,보행자,남,54세,중상
2370,2019062000100344,2019년 6월 20일 14시,목요일,충청남도 공주시 옥룡동,경상사고,0,0,1,0,차대사람 - 기타,안전운전불이행,포장 - 건조,맑음,주차장 - 주차장,화물,남,58세,상해없음,보행자,남,52세,경상
2371,2019062000100378,2019년 6월 20일 15시,목요일,충청남도 공주시 정안면,중상사고,0,1,0,0,차대사람 - 기타,안전운전불이행,포장 - 건조,맑음,교차로 - 교차로안,화물,남,38세,상해없음,보행자,남,81세,중상
2372,2019062000100518,2019년 6월 20일 18시,목요일,충청남도 공주시 금흥동,중상사고,0,1,0,0,차대사람 - 횡단중,보행자보호의무위반,포장 - 건조,맑음,교차로 - 교차로횡단보도내,승용,남,51세,상해없음,보행자,남,52세,중상
2373,2019062000100587,2019년 6월 20일 20시,목요일,충청남도 논산시 취암동,중상사고,0,1,0,0,차대사람 - 횡단중,안전운전불이행,포장 - 건조,맑음,교차로 - 교차로안,승용,남,31세,상해없음,보행자,여,76세,중상
2374,2019062000100619,2019년 6월 20일 21시,목요일,충청남도 서산시 석림동,중상사고,0,1,0,0,차대사람 - 횡단중,보행자보호의무위반,포장 - 건조,맑음,교차로 - 교차로안,화물,남,47세,상해없음,보행자,남,64세,중상
2375,2019062000100671,2019년 6월 20일 23시,목요일,충청남도 예산군 예산읍,경상사고,0,0,1,0,차대사람 - 기타,안전운전불이행,포장 - 건조,맑음,기타 - 기타,승용,여,39세,상해없음,보행자,남,63세,경상
2376,2019062100100413,2019년 6월 21일 16시,금요일,충청남도 아산시 배방읍,경상사고,0,0,1,0,차대사람 - 횡단중,신호위반,포장 - 건조,맑음,교차로 - 교차로부근,승용,여,29세,상해없음,보행자,남,8세,경상
2377,2019062100100463,2019년 6월 21일 17시,금요일,충청남도 당진시 송산면,중상사고,0,1,0,0,차대사람 - 횡단중,안전운전불이행,포장 - 건조,맑음,교차로 - 교차로안,승용,여,47세,상해없음,보행자,남,31세,중상
2378,2019062100100660,2019년 6월 21일 21시,금요일,충청남도 청양군 청양읍,중상사고,0,1,0,0,차대사람 - 횡단중,안전운전불이행,포장 - 건조,맑음,교차로 - 교차로안,승용,남,53세,상해없음,보행자,남,41세,중상
2379,2019062100100704,2019년 6월 21일 22시,금요일,충청남도 태안군 태안읍,중상사고,0,1,0,0,차대사람 - 기타,안전운전불이행,포장 - 건조,맑음,단일로 - 기타,승용,남,36세,상해없음,보행자,남,58세,중상
2380,2019062200100186,2019년 6월 22일 09시,토요일,충청남도 보령시 명천동,경상사고,0,0,1,0,차대사람 - 횡단중,보행자보호의무위반,포장 - 건조,맑음,교차로 - 교차로횡단보도내,화물,남,77세,상해없음,보행자,남,55세,경상
2381,2019062200100348,2019년 6월 22일 13시,토요일,충청남도 청양군 정산면,중상사고,0,1,0,0,차대사람 - 기타,안전운전불이행,포장 - 건조,맑음,기타 - 기타,승용,남,34세,상해없음,보행자,남,3세,중상
2382,2019062200100473,2019년 6월 22일 16시,토요일,충청남도 보령시 신흑동,경상사고,0,0,1,0,차대사람 - 기타,안전운전불이행,포장 - 건조,맑음,단일로 - 기타,승용,남,57세,상해없음,보행자,남,38세,경상
2383,2019062200100522,2019년 6월 22일 17시,토요일,충청남도 천안시 서북구 성거읍,중상사고,0,1,0,0,차대사람 - 기타,안전운전불이행,포장 - 건조,맑음,단일로 - 기타,승용,남,28세,상해없음,보행자,남,31세,중상
2384,2019062200100558,2019년 6월 22일 18시,토요일,충청남도 서천군 화양면,경상사고,0,0,1,0,차대사람 - 기타,안전운전불이행,포장 - 건조,맑음,단일로 - 기타,자전거,남,50세,상해없음,보행자,여,50세,경상
2385,2019062200100590,2019년 6월 22일 19시,토요일,충청남도 아산시 온천동,경상사고,0,0,1,0,차대사람 - 기타,안전운전불이행,포장 - 건조,맑음,단일로 - 기타,기타불명,기타불명,미분류,기타불명,보행자,남,16세,경상
2386,2019062300100035,2019년 6월 23일 00시,일요일,충청남도 당진시 읍내리,경상사고,0,0,1,0,차대사람 - 기타,기타,포장 - 건조,맑음,기타 - 기타,승용,남,29세,상해없음,보행자,남,27세,경상
2387,2019062300100148,2019년 6월 23일 09시,일요일,충청남도 천안시 동남구 광덕면,사망사고,1,0,0,0,차대사람 - 기타,안전운전불이행,포장 - 건조,맑음,교차로 - 교차로안,승합,남,58세,상해없음,보행자,여,86세,사망
2388,2019062300100273,2019년 6월 23일 13시,일요일,충청남도 예산군 예산읍,경상사고,0,0,1,0,차대사람 - 기타,안전운전불이행,포장 - 건조,맑음,단일로 - 기타,승용,여,49세,상해없음,보행자,남,73세,경상
2389,2019062300100382,2019년 6월 23일 16시,일요일,충청남도 서산시 대산읍,중상사고,0,1,0,0,차대사람 - 차도통행중,안전운전불이행,포장 - 건조,맑음,주차장 - 주차장,승용,남,50세,상해없음,보행자,남,36세,중상
2390,2019062300100461,2019년 6월 23일 18시,일요일,충청남도 천안시 동남구 신부동,경상사고,0,0,1,0,차대사람 - 기타,안전운전불이행,포장 - 건조,맑음,단일로 - 기타,승용,남,46세,상해없음,보행자,남,24세,경상
2391,2019062400100191,2019년 6월 24일 09시,월요일,충청남도 아산시 배방읍,경상사고,0,0,1,0,차대사람 - 횡단중,보행자보호의무위반,포장 - 건조,맑음,교차로 - 교차로횡단보도내,승용,여,38세,기타불명,보행자,여,69세,경상
2392,2019062400100555,2019년 6월 24일 18시,월요일,충청남도 홍성군 광천읍,경상사고,0,0,1,0,차대사람 - 기타,안전운전불이행,포장 - 건조,맑음,교차로 - 교차로부근,승용,여,64세,상해없음,보행자,남,59세,경상
2393,2019062400100673,2019년 6월 24일 21시,월요일,충청남도 홍성군 홍성읍,경상사고,0,0,1,0,차대사람 - 기타,안전운전불이행,비포장 - 건조,맑음,기타 - 기타,승용,남,63세,상해없음,보행자,남,16세,경상
2394,2019062400100697,2019년 6월 24일 22시,월요일,충청남도 천안시 서북구 두정동,경상사고,0,0,1,0,차대사람 - 차도통행중,안전운전불이행,포장 - 건조,맑음,교차로 - 교차로안,화물,남,48세,상해없음,보행자,남,35세,경상
2395,2019062500100040,2019년 6월 25일 01시,화요일,충청남도 천안시 서북구 두정동,경상사고,0,0,1,0,차대사람 - 기타,안전운전불이행,포장 - 건조,맑음,교차로 - 교차로안,승용,남,20세,상해없음,보행자,여,23세,경상
2396,2019062500100065,2019년 6월 25일 05시,화요일,충청남도 천안시 서북구 신당동,경상사고,0,0,1,0,차대사람 - 횡단중,안전운전불이행,포장 - 건조,맑음,단일로 - 기타,승용,여,63세,상해없음,보행자,남,57세,경상
2397,2019062500100257,2019년 6월 25일 11시,화요일,충청남도 논산시 양촌면,경상사고,0,0,1,0,차대사람 - 차도통행중,안전운전불이행,포장 - 건조,맑음,교차로 - 교차로부근,승용,남,65세,상해없음,보행자,여,75세,경상
2398,2019062500100313,2019년 6월 25일 13시,화요일,충청남도 태안군 태안읍,중상사고,0,1,0,0,차대사람 - 기타,안전운전불이행,포장 - 건조,맑음,교차로 - 교차로안,승용,여,71세,상해없음,보행자,남,46세,중상
2399,2019062500100506,2019년 6월 25일 17시,화요일,충청남도 논산시 강경읍,경상사고,0,0,1,0,차대사람 - 횡단중,보행자보호의무위반,포장 - 건조,맑음,교차로 - 교차로안,승용,여,46세,상해없음,보행자,남,8세,경상
2400,2019062500100652,2019년 6월 25일 20시,화요일,충청남도 아산시 모종동,중상사고,0,1,0,0,차대사람 - 횡단중,보행자보호의무위반,포장 - 건조,맑음,교차로 - 교차로횡단보도내,승합,남,56세,상해없음,보행자,남,41세,중상
2401,2019062500100654,2019년 6월 25일 20시,화요일,충청남도 천안시 동남구 성황동,중상사고,0,1,0,0,차대사람 - 횡단중,안전운전불이행,포장 - 건조,맑음,단일로 - 기타,화물,남,71세,상해없음,보행자,남,40세,중상
2402,2019062600100029,2019년 6월 26일 00시,수요일,충청남도 천안시 동남구 목천읍,경상사고,0,0,1,0,차대사람 - 횡단중,안전운전불이행,포장 - 건조,맑음,단일로 - 기타,승용,남,42세,상해없음,보행자,남,34세,경상
2403,2019062600100162,2019년 6월 26일 09시,수요일,충청남도 서산시 동문동,경상사고,0,0,1,0,차대사람 - 차도통행중,안전운전불이행,포장 - 건조,맑음,단일로 - 기타,승용,남,21세,상해없음,보행자,여,59세,경상
2404,2019062600100163,2019년 6월 26일 09시,수요일,충청남도 당진시 순성면,경상사고,0,0,1,0,차대사람 - 기타,기타,포장 - 건조,맑음,기타 - 기타,승용,남,59세,상해없음,보행자,남,32세,경상
2405,2019062600100339,2019년 6월 26일 14시,수요일,충청남도 공주시 금성동,중상사고,0,1,0,0,차대사람 - 보도통행중,보행자보호의무위반,포장 - 젖음/습기,흐림,교차로 - 교차로횡단보도내,승용,남,63세,상해없음,보행자,남,83세,중상
2406,2019062600100383,2019년 6월 26일 15시,수요일,충청남도 계룡시 금암동,사망사고,1,0,0,0,차대사람 - 횡단중,과속,포장 - 젖음/습기,비,교차로 - 교차로횡단보도내,화물,남,55세,상해없음,보행자,여,87세,사망
2407,2019062600100384,2019년 6월 26일 15시,수요일,충청남도 예산군 신암면,중상사고,0,1,0,0,차대사람 - 횡단중,안전운전불이행,포장 - 건조,맑음,단일로 - 기타,승용,남,59세,상해없음,보행자,여,78세,중상
2408,2019062600100585,2019년 6월 26일 19시,수요일,충청남도 예산군 덕산면,경상사고,0,0,1,0,차대사람 - 기타,보행자보호의무위반,포장 - 건조,맑음,교차로 - 교차로안,승합,남,49세,상해없음,보행자,남,75세,경상
2409,2019062600100621,2019년 6월 26일 20시,수요일,충청남도 예산군 예산읍,경상사고,0,0,1,0,차대사람 - 차도통행중,안전운전불이행,포장 - 건조,흐림,단일로 - 기타,승용,여,44세,상해없음,보행자,남,58세,경상
2410,2019062700100342,2019년 6월 27일 14시,목요일,충청남도 천안시 서북구 성환읍,경상사고,0,0,1,0,차대사람 - 차도통행중,안전운전불이행,포장 - 건조,맑음,교차로 - 교차로안,승용,남,34세,상해없음,보행자,여,67세,경상
2411,2019062700100383,2019년 6월 27일 15시,목요일,충청남도 태안군 태안읍,경상사고,0,0,1,0,차대사람 - 횡단중,안전운전불이행,포장 - 건조,맑음,단일로 - 기타,승용,남,38세,상해없음,보행자,남,7세,경상
2412,2019062700100424,2019년 6월 27일 16시,목요일,충청남도 공주시 산성동,중상사고,0,1,0,0,차대사람 - 횡단중,보행자보호의무위반,포장 - 건조,맑음,단일로 - 기타,승용,여,40세,상해없음,보행자,여,76세,중상
2413,2019062700100513,2019년 6월 27일 18시,목요일,충청남도 태안군 태안읍,중상사고,0,1,0,0,차대사람 - 횡단중,안전운전불이행,포장 - 건조,맑음,교차로 - 교차로횡단보도내,승용,여,64세,상해없음,보행자,남,81세,중상
2414,2019062700100575,2019년 6월 27일 20시,목요일,충청남도 예산군 예산읍,중상사고,0,1,0,0,차대사람 - 횡단중,보행자보호의무위반,포장 - 건조,맑음,단일로 - 기타,승용,남,44세,상해없음,보행자,남,24세,중상
2415,2019062800100205,2019년 6월 28일 10시,금요일,충청남도 당진시 읍내리,경상사고,0,0,1,0,차대사람 - 횡단중,보행자보호의무위반,포장 - 건조,맑음,단일로 - 기타,화물,남,51세,상해없음,보행자,여,81세,경상
2416,2019062800100287,2019년 6월 28일 12시,금요일,충청남도 홍성군 홍성읍,중상사고,0,1,0,0,차대사람 - 기타,안전운전불이행,포장 - 건조,맑음,단일로 - 기타,승합,남,50세,상해없음,보행자,여,78세,중상
2417,2019062800100443,2019년 6월 28일 16시,금요일,충청남도 공주시 산성동,경상사고,0,0,1,0,차대사람 - 횡단중,안전운전불이행,포장 - 건조,맑음,교차로 - 교차로부근,승용,남,76세,상해없음,보행자,여,49세,경상
2418,2019062800100529,2019년 6월 28일 18시,금요일,충청남도 천안시 동남구 원성동,경상사고,0,0,1,0,차대사람 - 기타,불법유턴,포장 - 건조,맑음,단일로 - 기타,화물,남,58세,상해없음,보행자,남,77세,경상
2419,2019062800100582,2019년 6월 28일 19시,금요일,충청남도 논산시 부적면,경상사고,0,0,1,0,차대사람 - 횡단중,안전운전불이행,포장 - 건조,맑음,단일로 - 기타,승용,여,56세,상해없음,보행자,남,15세,경상
2420,2019062800100612,2019년 6월 28일 20시,금요일,충청남도 천안시 서북구 직산읍,사망사고,1,0,0,0,차대사람 - 횡단중,안전운전불이행,포장 - 건조,맑음,단일로 - 기타,승용,남,35세,상해없음,보행자,여,79세,사망
2421,2019062900100175,2019년 6월 29일 09시,토요일,충청남도 논산시 강경읍,중상사고,0,1,0,0,차대사람 - 횡단중,안전운전불이행,포장 - 젖음/습기,비,교차로 - 교차로안,승용,여,70세,상해없음,보행자,남,63세,중상
2422,2019062900100204,2019년 6월 29일 10시,토요일,충청남도 예산군 예산읍,중상사고,0,1,1,0,차대사람 - 횡단중,보행자보호의무위반,포장 - 건조,맑음,단일로 - 기타,이륜,남,56세,경상,보행자,여,76세,중상
2423,2019062900100260,2019년 6월 29일 12시,토요일,충청남도 아산시 염치읍,부상신고사고,0,0,0,1,차대사람 - 기타,안전운전불이행,포장 - 건조,맑음,기타 - 기타,화물,남,48세,상해없음,보행자,여,58세,부상신고
2424,2019062900100591,2019년 6월 29일 21시,토요일,충청남도 아산시 풍기동,사망사고,1,0,0,0,차대사람 - 횡단중,안전운전불이행,포장 - 건조,맑음,교차로 - 교차로횡단보도내,화물,여,38세,상해없음,보행자,남,64세,사망
2425,2019063000100027,2019년 6월 30일 00시,일요일,충청남도 예산군 덕산면,중상사고,0,1,0,0,차대사람 - 횡단중,보행자보호의무위반,포장 - 건조,맑음,교차로 - 교차로부근,승합,남,72세,상해없음,보행자,남,48세,중상
2426,2019063000100063,2019년 6월 30일 03시,일요일,충청남도 천안시 서북구 성정동,중상사고,0,1,0,0,차대사람 - 횡단중,안전운전불이행,포장 - 건조,맑음,단일로 - 기타,승용,남,18세,상해없음,보행자,여,28세,중상
2427,2019063000100246,2019년 6월 30일 14시,일요일,충청남도 천안시 서북구 성정동,중상사고,0,1,0,0,차대사람 - 횡단중,보행자보호의무위반,포장 - 건조,맑음,교차로 - 교차로안,승용,남,50세,상해없음,보행자,여,58세,중상
2428,2019063000100271,2019년 6월 30일 15시,일요일,충청남도 서산시 동문동,중상사고,0,1,0,0,차대사람 - 기타,안전운전불이행,포장 - 건조,맑음,교차로 - 교차로안,승용,여,56세,상해없음,보행자,여,63세,중상
2429,2019063000100359,2019년 6월 30일 18시,일요일,충청남도 공주시 신관동,경상사고,0,0,1,0,차대사람 - 차도통행중,안전운전불이행,포장 - 건조,맑음,단일로 - 기타,승용,남,58세,상해없음,보행자,여,22세,경상
2430,2019063000100393,2019년 6월 30일 20시,일요일,충청남도 아산시 온천동,중상사고,0,1,0,0,차대사람 - 기타,안전운전불이행,포장 - 건조,맑음,단일로 - 기타,승용,남,33세,상해없음,보행자,남,58세,중상
2431,2019063000100416,2019년 6월 30일 21시,일요일,충청남도 아산시 신창면,경상사고,0,0,1,0,차대사람 - 기타,안전운전불이행,포장 - 건조,맑음,기타 - 기타,승용,남,45세,상해없음,보행자,여,25세,경상
2432,2019070100100350,2019년 7월 1일 14시,월요일,충청남도 서산시 읍내동,중상사고,0,1,0,0,차대사람 - 기타,안전운전불이행,포장 - 건조,맑음,주차장 - 주차장,승용,여,52세,상해없음,보행자,여,52세,중상
2433,2019070100100483,2019년 7월 1일 17시,월요일,충청남도 천안시 서북구 불당동,중상사고,0,1,0,0,차대사람 - 기타,안전운전불이행,포장 - 건조,맑음,교차로 - 교차로안,승용,여,43세,상해없음,보행자,여,36세,중상
2434,2019070200100241,2019년 7월 2일 11시,화요일,충청남도 공주시 정안면,경상사고,0,0,1,0,차대사람 - 기타,안전운전불이행,포장 - 건조,맑음,주차장 - 주차장,승용,남,67세,상해없음,보행자,여,82세,경상
2435,2019070200100561,2019년 7월 2일 20시,화요일,충청남도 보령시 명천동,중상사고,0,1,0,0,차대사람 - 횡단중,보행자보호의무위반,포장 - 건조,맑음,교차로 - 교차로횡단보도내,승용,남,21세,상해없음,보행자,남,65세,중상
2436,2019070300100027,2019년 7월 3일 00시,수요일,충청남도 보령시 웅천읍,중상사고,0,1,0,0,차대사람 - 횡단중,안전운전불이행,포장 - 건조,맑음,교차로 - 교차로안,화물,남,60세,상해없음,보행자,남,55세,중상
2437,2019070300100194,2019년 7월 3일 10시,수요일,충청남도 서산시 동문동,경상사고,0,0,1,0,차대사람 - 기타,안전운전불이행,포장 - 건조,맑음,단일로 - 기타,승용,여,54세,기타불명,보행자,여,65세,경상
2438,2019070300100195,2019년 7월 3일 10시,수요일,충청남도 논산시 부창동,중상사고,0,1,1,0,차대사람 - 횡단중,안전운전불이행,포장 - 건조,맑음,단일로 - 기타,이륜,남,20세,상해없음,보행자,여,68세,중상
2439,2019070300100575,2019년 7월 3일 21시,수요일,충청남도 아산시 모종동,경상사고,0,0,1,0,차대사람 - 기타,안전운전불이행,포장 - 건조,맑음,단일로 - 기타,승용,남,31세,상해없음,보행자,남,23세,경상
2440,2019070300100599,2019년 7월 3일 22시,수요일,충청남도 천안시 서북구 입장면,경상사고,0,0,1,0,차대사람 - 차도통행중,안전운전불이행,포장 - 건조,맑음,단일로 - 기타,승용,남,34세,상해없음,보행자,남,59세,경상
2441,2019070300100617,2019년 7월 3일 23시,수요일,충청남도 청양군 청양읍,경상사고,0,0,2,0,차대사람 - 기타,안전운전불이행,포장 - 건조,맑음,단일로 - 기타,이륜,남,58세,상해없음,보행자,남,29세,경상
2442,2019070400100137,2019년 7월 4일 08시,목요일,충청남도 천안시 서북구 성정동,중상사고,0,1,0,0,차대사람 - 횡단중,안전운전불이행,포장 - 건조,맑음,교차로 - 교차로안,승용,여,44세,상해없음,보행자,여,30세,중상
2443,2019070400100138,2019년 7월 4일 08시,목요일,충청남도 천안시 서북구 성정동,경상사고,0,0,1,0,차대사람 - 횡단중,안전운전불이행,포장 - 건조,맑음,단일로 - 기타,승용,여,51세,상해없음,보행자,여,12세,경상
2444,2019070400100141,2019년 7월 4일 08시,목요일,충청남도 부여군 규암면,경상사고,0,0,1,0,차대사람 - 기타,안전운전불이행,포장 - 건조,맑음,단일로 - 기타,화물,남,62세,상해없음,보행자,남,53세,경상
2445,2019070400100227,2019년 7월 4일 10시,목요일,충청남도 논산시 화지동,중상사고,0,1,0,0,차대사람 - 기타,안전운전불이행,포장 - 건조,맑음,단일로 - 기타,화물,남,60세,상해없음,보행자,여,47세,중상
2446,2019070400100431,2019년 7월 4일 16시,목요일,충청남도 당진시 읍내리,중상사고,0,1,0,0,차대사람 - 차도통행중,안전운전불이행,포장 - 건조,맑음,단일로 - 기타,승용,여,37세,상해없음,보행자,여,6세,중상
2447,2019070500100146,2019년 7월 5일 08시,금요일,충청남도 아산시 신창면,경상사고,0,0,1,0,차대사람 - 횡단중,안전운전불이행,포장 - 건조,맑음,단일로 - 기타,승용,여,38세,상해없음,보행자,여,9세,경상
2448,2019070500100284,2019년 7월 5일 12시,금요일,충청남도 보령시 동대동,경상사고,0,0,1,0,차대사람 - 기타,안전운전불이행,포장 - 건조,맑음,단일로 - 기타,승용,남,42세,상해없음,보행자,남,47세,경상
2449,2019070500100386,2019년 7월 5일 15시,금요일,충청남도 천안시 서북구 성정동,중상사고,0,2,0,0,차대사람 - 기타,신호위반,포장 - 건조,맑음,교차로 - 교차로횡단보도내,승용,여,26세,상해없음,보행자,여,41세,중상
2450,2019070500100387,2019년 7월 5일 15시,금요일,충청남도 천안시 서북구 두정동,경상사고,0,0,1,0,차대사람 - 횡단중,안전운전불이행,포장 - 건조,맑음,단일로 - 기타,기타불명,기타불명,미분류,기타불명,보행자,남,52세,경상
2451,2019070500100440,2019년 7월 5일 16시,금요일,충청남도 예산군 삽교읍,중상사고,0,1,0,0,차대사람 - 횡단중,보행자보호의무위반,포장 - 건조,맑음,교차로 - 교차로안,승용,남,58세,상해없음,보행자,여,74세,중상
2452,2019070500100540,2019년 7월 5일 18시,금요일,충청남도 부여군 부여읍,중상사고,0,1,0,0,차대사람 - 기타,안전운전불이행,포장 - 건조,맑음,교차로 - 교차로안,화물,남,53세,상해없음,보행자,여,83세,중상
2453,2019070600100040,2019년 7월 6일 00시,토요일,충청남도 천안시 서북구 두정동,경상사고,0,0,1,0,차대사람 - 횡단중,보행자보호의무위반,포장 - 건조,맑음,교차로 - 교차로횡단보도내,승용,남,47세,상해없음,보행자,남,35세,경상
2454,2019070600100072,2019년 7월 6일 02시,토요일,충청남도 천안시 서북구 쌍용동,부상신고사고,0,0,0,1,차대사람 - 기타,안전운전불이행,포장 - 건조,맑음,교차로 - 교차로부근,승용,남,67세,상해없음,보행자,남,26세,부상신고
2455,2019070600100173,2019년 7월 6일 08시,토요일,충청남도 논산시 성동면,중상사고,0,1,0,0,차대사람 - 기타,안전운전불이행,포장 - 건조,맑음,교차로 - 교차로부근,승용,남,48세,상해없음,보행자,남,86세,중상
2456,2019070600100315,2019년 7월 6일 12시,토요일,충청남도 천안시 서북구 성거읍,중상사고,0,1,0,0,차대사람 - 차도통행중,안전운전불이행,포장 - 건조,맑음,단일로 - 기타,승용,남,28세,상해없음,보행자,여,70세,중상
2457,2019070600100318,2019년 7월 6일 12시,토요일,충청남도 당진시 신평면,중상사고,0,1,0,0,차대사람 - 기타,안전운전불이행,포장 - 건조,맑음,기타 - 기타,승용,남,60세,상해없음,보행자,여,50세,중상
2458,2019070600100402,2019년 7월 6일 14시,토요일,충청남도 서산시 대산읍,중상사고,0,1,0,0,차대사람 - 기타,보행자보호의무위반,포장 - 건조,맑음,교차로 - 교차로횡단보도내,화물,남,46세,상해없음,보행자,남,51세,중상
2459,2019070600100443,2019년 7월 6일 15시,토요일,충청남도 보령시 신흑동,중상사고,0,1,0,0,차대사람 - 횡단중,안전운전불이행,포장 - 건조,맑음,단일로 - 기타,승용,여,23세,상해없음,보행자,여,57세,중상
2460,2019070600100567,2019년 7월 6일 18시,토요일,충청남도 예산군 예산읍,중상사고,0,1,0,0,차대사람 - 기타,안전운전불이행,포장 - 건조,맑음,단일로 - 기타,승용,남,37세,상해없음,보행자,여,6세,중상
2461,2019070600100620,2019년 7월 6일 20시,토요일,충청남도 논산시 벌곡면,경상사고,0,0,1,0,차대사람 - 길가장자리구역통행중,안전운전불이행,포장 - 건조,맑음,단일로 - 기타,기타불명,기타불명,미분류,기타불명,보행자,여,61세,경상
2462,2019070600100667,2019년 7월 6일 21시,토요일,충청남도 당진시 송악읍,경상사고,0,0,1,0,차대사람 - 차도통행중,안전운전불이행,포장 - 건조,맑음,교차로 - 교차로안,승용,남,38세,상해없음,보행자,남,4세,경상
2463,2019070700100377,2019년 7월 7일 17시,일요일,충청남도 천안시 동남구 구성동,중상사고,0,1,0,0,차대사람 - 횡단중,신호위반,포장 - 건조,맑음,단일로 - 기타,화물,남,43세,상해없음,보행자,여,74세,중상
2464,2019070700100469,2019년 7월 7일 21시,일요일,충청남도 태안군 태안읍,중상사고,0,1,0,0,차대사람 - 기타,안전운전불이행,포장 - 건조,흐림,단일로 - 기타,승용,여,49세,상해없음,보행자,남,70세,중상
2465,2019070800100026,2019년 7월 8일 00시,월요일,충청남도 보령시 대천동,중상사고,0,1,0,0,차대사람 - 횡단중,안전운전불이행,포장 - 건조,맑음,교차로 - 교차로부근,승용,여,29세,상해없음,보행자,남,54세,중상
2466,2019070800100131,2019년 7월 8일 08시,월요일,충청남도 예산군 덕산면,경상사고,0,0,1,0,차대사람 - 횡단중,안전운전불이행,포장 - 건조,맑음,단일로 - 기타,승합,남,65세,상해없음,보행자,남,82세,경상
2467,2019070800100133,2019년 7월 8일 08시,월요일,충청남도 당진시 합덕읍,경상사고,0,0,1,0,차대사람 - 기타,안전운전불이행,포장 - 건조,맑음,기타 - 기타,승합,남,47세,상해없음,보행자,여,71세,경상
2468,2019070800100249,2019년 7월 8일 11시,월요일,충청남도 태안군 태안읍,중상사고,0,1,0,0,차대사람 - 기타,안전운전불이행,포장 - 건조,맑음,단일로 - 기타,승용,여,70세,상해없음,보행자,남,55세,중상
2469,2019070900100049,2019년 7월 9일 02시,화요일,충청남도 공주시 신관동,경상사고,0,0,1,0,차대사람 - 차도통행중,안전운전불이행,포장 - 건조,맑음,단일로 - 기타,승용,여,21세,상해없음,보행자,남,18세,경상
2470,2019070900100145,2019년 7월 9일 08시,화요일,충청남도 태안군 원북면,중상사고,0,1,1,0,차대사람 - 기타,안전운전불이행,포장 - 건조,맑음,단일로 - 기타,사륜오토바이(ATV),여,73세,경상,보행자,여,74세,중상
2471,2019070900100643,2019년 7월 9일 23시,화요일,충청남도 천안시 동남구 청당동,경상사고,0,0,1,0,차대사람 - 횡단중,안전운전불이행,포장 - 건조,맑음,교차로 - 교차로안,특수,남,37세,상해없음,보행자,남,25세,경상
2472,2019071000100370,2019년 7월 10일 16시,수요일,충청남도 태안군 안면읍,중상사고,0,1,0,0,차대사람 - 횡단중,안전운전불이행,포장 - 젖음/습기,비,단일로 - 기타,승용,여,58세,상해없음,보행자,남,12세,중상
2473,2019071100100252,2019년 7월 11일 11시,목요일,충청남도 공주시 봉황동,중상사고,0,1,0,0,차대사람 - 차도통행중,안전운전불이행,포장 - 젖음/습기,비,교차로 - 교차로안,화물,남,53세,상해없음,보행자,남,69세,중상
2474,2019071100100401,2019년 7월 11일 16시,목요일,충청남도 서산시 읍내동,중상사고,0,1,0,0,차대사람 - 횡단중,안전운전불이행,포장 - 건조,맑음,교차로 - 교차로부근,화물,남,50세,상해없음,보행자,남,10세,중상
2475,2019071100100445,2019년 7월 11일 17시,목요일,충청남도 보령시 명천동,경상사고,0,0,1,0,차대사람 - 횡단중,안전운전불이행,포장 - 건조,맑음,단일로 - 기타,승용,여,46세,기타불명,보행자,남,10세,경상
2476,2019071200100055,2019년 7월 12일 02시,금요일,충청남도 천안시 서북구 두정동,경상사고,0,0,1,0,차대사람 - 차도통행중,안전운전불이행,포장 - 젖음/습기,흐림,교차로 - 교차로안,승용,남,32세,상해없음,보행자,남,22세,경상
2477,2019071200100063,2019년 7월 12일 03시,금요일,충청남도 당진시 읍내리,경상사고,0,0,1,0,차대사람 - 기타,보행자보호의무위반,포장 - 건조,맑음,교차로 - 교차로안,승용,남,18세,상해없음,보행자,남,44세,경상
2478,2019071200100106,2019년 7월 12일 07시,금요일,충청남도 아산시 신창면,중상사고,0,1,0,0,차대사람 - 기타,안전운전불이행,포장 - 건조,맑음,단일로 - 기타,자전거,남,55세,상해없음,보행자,남,75세,중상