,사고번호,사고일시,요일,시군구,사고내용,사망자수,중상자수,경상자수,부상신고자수,사고유형,법규위반,노면상태,기상상태,도로형태,가해운전자 차종,가해운전자 성별,가해운전자 연령,가해운전자 상해정도,피해운전자 차종,피해운전자 성별,피해운전자 연령,피해운전자 상해정도
2591,2019080500100152,2019년 8월 5일 09시,월요일,충청남도 천안시 서북구 불당동,경상사고,0,0,1,0,차대사람 - 횡단중,보행자보호의무위반,포장 - 건조,맑음,교차로 - 교차로안,승합,여,47세,상해없음,보행자,남,15세,경상
2592,2019080500100229,2019년 8월 5일 11시,월요일,충청남도 천안시 서북구 성정동,중상사고,0,1,0,0,차대사람 - 기타,안전운전불이행,포장 - 건조,맑음,기타 - 기타,자전거,기타불명,미분류,기타불명,보행자,남,63세,중상
2593,2019080500100230,2019년 8월 5일 11시,월요일,충청남도 서천군 서면,경상사고,0,0,1,0,차대사람 - 기타,안전운전불이행,포장 - 건조,맑음,단일로 - 기타,승용,여,70세,상해없음,보행자,남,3세,경상
2594,2019080500100400,2019년 8월 5일 15시,월요일,충청남도 서천군 문산면,중상사고,0,1,0,0,차대사람 - 차도통행중,안전운전불이행,포장 - 건조,맑음,단일로 - 기타,화물,남,56세,상해없음,보행자,여,87세,중상
2595,2019080500100566,2019년 8월 5일 19시,월요일,충청남도 보령시 신흑동,부상신고사고,0,0,0,1,차대사람 - 횡단중,안전운전불이행,포장 - 젖음/습기,비,단일로 - 기타,승용,남,46세,상해없음,보행자,남,17세,부상신고
2596,2019080600100088,2019년 8월 6일 06시,화요일,충청남도 천안시 서북구 성정동,중상사고,0,1,0,0,차대사람 - 보도통행중,기타,포장 - 건조,맑음,단일로 - 기타,승용,남,54세,상해없음,보행자,남,38세,중상
2597,2019080600100297,2019년 8월 6일 13시,화요일,충청남도 서산시 읍내동,경상사고,0,0,1,0,차대사람 - 횡단중,안전운전불이행,포장 - 건조,맑음,단일로 - 기타,승용,여,37세,상해없음,보행자,남,87세,경상
2598,2019080600100369,2019년 8월 6일 15시,화요일,충청남도 천안시 동남구 청당동,경상사고,0,0,1,0,차대사람 - 횡단중,보행자보호의무위반,포장 - 건조,맑음,단일로 - 기타,승용,여,57세,상해없음,보행자,남,6세,경상
2599,2019080600100456,2019년 8월 6일 17시,화요일,충청남도 천안시 서북구 쌍용동,중상사고,0,2,0,0,차대사람 - 횡단중,신호위반,포장 - 건조,맑음,교차로 - 교차로횡단보도내,이륜,남,39세,상해없음,보행자,남,24세,중상
2600,2019080600100457,2019년 8월 6일 17시,화요일,충청남도 서천군 서면,경상사고,0,0,1,0,차대사람 - 횡단중,안전운전불이행,포장 - 건조,맑음,단일로 - 기타,승용,남,30세,상해없음,보행자,남,2세,경상
2601,2019080600100547,2019년 8월 6일 19시,화요일,충청남도 부여군 부여읍,중상사고,0,1,0,0,차대사람 - 횡단중,신호위반,포장 - 건조,맑음,교차로 - 교차로횡단보도내,승용,여,68세,상해없음,보행자,여,27세,중상
2602,2019080600100580,2019년 8월 6일 20시,화요일,충청남도 서산시 동문동,부상신고사고,0,0,0,1,차대사람 - 차도통행중,안전운전불이행,포장 - 건조,맑음,단일로 - 기타,기타불명,기타불명,미분류,기타불명,보행자,남,53세,부상신고
2603,2019080700100227,2019년 8월 7일 11시,수요일,충청남도 아산시 모종동,사망사고,1,0,0,0,차대사람 - 횡단중,보행자보호의무위반,포장 - 건조,맑음,교차로 - 교차로횡단보도내,화물,남,51세,상해없음,보행자,남,57세,사망
2604,2019080700100384,2019년 8월 7일 15시,수요일,충청남도 아산시 모종동,중상사고,0,1,0,0,차대사람 - 횡단중,신호위반,포장 - 건조,맑음,교차로 - 교차로안,승용,여,44세,상해없음,보행자,여,16세,중상
2605,2019080700100426,2019년 8월 7일 16시,수요일,충청남도 아산시 음봉면,부상신고사고,0,0,0,1,차대사람 - 횡단중,안전운전불이행,포장 - 기타,기타,단일로 - 기타,화물,남,51세,상해없음,보행자,남,22세,부상신고
2606,2019080700100581,2019년 8월 7일 20시,수요일,충청남도 당진시 읍내리,중상사고,0,1,0,0,차대사람 - 기타,안전운전불이행,포장 - 건조,맑음,교차로 - 교차로안,승용,남,30세,상해없음,보행자,남,58세,중상
2607,2019080700100618,2019년 8월 7일 21시,수요일,충청남도 천안시 서북구 성정동,경상사고,0,0,1,0,차대사람 - 기타,안전운전불이행,포장 - 건조,맑음,단일로 - 기타,화물,남,29세,상해없음,보행자,남,58세,경상
2608,2019080800100093,2019년 8월 8일 07시,목요일,충청남도 천안시 동남구 신부동,경상사고,0,0,1,0,차대사람 - 횡단중,안전운전불이행,포장 - 건조,맑음,단일로 - 기타,승용,여,37세,상해없음,보행자,여,46세,경상
2609,2019080800100566,2019년 8월 8일 20시,목요일,충청남도 공주시 정안면,중상사고,0,1,0,0,차대사람 - 기타,안전운전불이행,포장 - 젖음/습기,흐림,단일로 - 기타,승용,남,51세,상해없음,보행자,남,42세,중상
2610,2019080900100305,2019년 8월 9일 12시,금요일,충청남도 아산시 신창면,중상사고,0,1,1,0,차대사람 - 기타,안전운전불이행,포장 - 건조,맑음,기타 - 기타,화물,남,49세,상해없음,보행자,여,47세,중상
2611,2019080900100379,2019년 8월 9일 14시,금요일,충청남도 예산군 대흥면,경상사고,0,0,2,1,차대사람 - 기타,안전운전불이행,포장 - 젖음/습기,비,기타 - 기타,승용,남,65세,상해없음,보행자,남,58세,부상신고
2612,2019081000100038,2019년 8월 10일 00시,토요일,충청남도 천안시 서북구 불당동,경상사고,0,0,1,0,차대사람 - 기타,안전운전불이행,포장 - 건조,맑음,단일로 - 기타,승용,여,32세,상해없음,보행자,남,60세,경상
2613,2019081000100115,2019년 8월 10일 05시,토요일,충청남도 공주시 신관동,경상사고,0,0,1,0,차대사람 - 횡단중,신호위반,포장 - 건조,맑음,교차로 - 교차로횡단보도내,화물,남,56세,상해없음,보행자,남,19세,경상
2614,2019081000100319,2019년 8월 10일 12시,토요일,충청남도 아산시 둔포면,경상사고,0,0,1,0,차대사람 - 기타,안전운전불이행,포장 - 건조,맑음,주차장 - 주차장,승합,남,54세,상해없음,보행자,여,46세,경상
2615,2019081000100565,2019년 8월 10일 19시,토요일,충청남도 논산시 취암동,중상사고,0,1,0,0,차대사람 - 횡단중,안전운전불이행,포장 - 건조,맑음,교차로 - 교차로안,승용,남,64세,상해없음,보행자,남,52세,중상
2616,2019081100100254,2019년 8월 11일 14시,일요일,충청남도 태안군 태안읍,중상사고,0,1,0,0,차대사람 - 차도통행중,안전운전불이행,포장 - 건조,맑음,교차로 - 교차로부근,이륜,남,16세,상해없음,보행자,여,45세,중상
2617,2019081100100513,2019년 8월 11일 23시,일요일,충청남도 천안시 서북구 두정동,경상사고,0,0,2,0,차대사람 - 횡단중,신호위반,포장 - 젖음/습기,비,단일로 - 기타,이륜,남,35세,상해없음,보행자,남,18세,경상
2618,2019081200100266,2019년 8월 12일 11시,월요일,충청남도 보령시 동대동,중상사고,0,1,0,0,차대사람 - 횡단중,안전운전불이행,포장 - 건조,맑음,단일로 - 교량,승용,여,35세,상해없음,보행자,여,79세,중상
2619,2019081200100400,2019년 8월 12일 14시,월요일,충청남도 계룡시 엄사면,경상사고,0,0,1,0,차대사람 - 횡단중,보행자보호의무위반,포장 - 건조,맑음,교차로 - 교차로안,승용,여,67세,상해없음,보행자,남,7세,경상
2620,2019081200100487,2019년 8월 12일 16시,월요일,충청남도 금산군 금산읍,중상사고,0,1,0,0,차대사람 - 횡단중,보행자보호의무위반,포장 - 젖음/습기,비,단일로 - 기타,승합,남,46세,상해없음,보행자,여,71세,중상
2621,2019081200100617,2019년 8월 12일 19시,월요일,충청남도 보령시 명천동,경상사고,0,0,1,0,차대사람 - 횡단중,안전운전불이행,포장 - 건조,맑음,교차로 - 교차로안,이륜,남,59세,상해없음,보행자,남,65세,경상
2622,2019081200100645,2019년 8월 12일 20시,월요일,충청남도 서산시 동문동,경상사고,0,0,1,0,차대사람 - 기타,안전운전불이행,포장 - 젖음/습기,비,교차로 - 교차로안,승용,남,39세,상해없음,보행자,남,48세,경상
2623,2019081200100681,2019년 8월 12일 21시,월요일,충청남도 청양군 운곡면,중상사고,0,1,0,0,차대사람 - 차도통행중,과속,포장 - 건조,맑음,교차로 - 교차로부근,승용,남,31세,상해없음,보행자,여,80세,중상
2624,2019081200100695,2019년 8월 12일 22시,월요일,충청남도 청양군 청양읍,중상사고,0,1,0,0,차대사람 - 차도통행중,안전운전불이행,포장 - 건조,맑음,단일로 - 기타,승용,남,65세,상해없음,보행자,여,30세,중상
2625,2019081300100487,2019년 8월 13일 17시,화요일,충청남도 보령시 대천동,경상사고,0,0,1,0,차대사람 - 횡단중,보행자보호의무위반,포장 - 건조,맑음,교차로 - 교차로횡단보도내,승용,남,72세,상해없음,보행자,남,13세,경상
2626,2019081300100488,2019년 8월 13일 17시,화요일,충청남도 천안시 동남구 영성동,경상사고,0,0,1,0,차대사람 - 기타,안전운전불이행,포장 - 건조,맑음,단일로 - 기타,승용,남,70세,상해없음,보행자,여,77세,경상
2627,2019081300100650,2019년 8월 13일 21시,화요일,충청남도 천안시 서북구 성정동,중상사고,0,1,0,0,차대사람 - 길가장자리구역통행중,안전운전불이행,포장 - 젖음/습기,비,교차로 - 교차로안,승용,남,41세,상해없음,보행자,남,39세,중상
2628,2019081300100653,2019년 8월 13일 21시,화요일,충청남도 천안시 동남구 신부동,경상사고,0,0,1,0,차대사람 - 기타,안전운전불이행,포장 - 건조,맑음,단일로 - 기타,화물,남,43세,상해없음,보행자,남,25세,경상
2629,2019081300100686,2019년 8월 13일 22시,화요일,충청남도 아산시 염치읍,중상사고,0,1,0,0,차대사람 - 차도통행중,안전운전불이행,포장 - 건조,맑음,단일로 - 기타,승용,남,49세,상해없음,보행자,남,58세,중상
2630,2019081400100053,2019년 8월 14일 01시,수요일,충청남도 서산시 예천동,중상사고,0,1,0,0,차대사람 - 횡단중,안전운전불이행,포장 - 건조,맑음,단일로 - 기타,승용,남,35세,상해없음,보행자,남,27세,중상
2631,2019081400100443,2019년 8월 14일 15시,수요일,충청남도 당진시 합덕읍,중상사고,0,1,0,0,차대사람 - 차도통행중,안전운전불이행,포장 - 건조,맑음,단일로 - 기타,승용,남,33세,상해없음,보행자,여,82세,중상
2632,2019081400100485,2019년 8월 14일 16시,수요일,충청남도 아산시 온천동,중상사고,0,1,0,0,차대사람 - 보도통행중,보행자보호의무위반,포장 - 건조,맑음,교차로 - 교차로안,승용,남,71세,상해없음,보행자,남,78세,중상
2633,2019081400100729,2019년 8월 14일 21시,수요일,충청남도 천안시 서북구 불당동,중상사고,0,1,0,0,차대사람 - 횡단중,안전운전불이행,포장 - 건조,맑음,교차로 - 교차로안,승용,남,41세,상해없음,보행자,남,51세,중상
2634,2019081500100175,2019년 8월 15일 11시,목요일,충청남도 천안시 서북구 쌍용동,경상사고,0,0,1,0,차대사람 - 횡단중,보행자보호의무위반,포장 - 젖음/습기,비,교차로 - 교차로안,승용,남,48세,상해없음,보행자,남,24세,경상
2635,2019081500100176,2019년 8월 15일 11시,목요일,충청남도 보령시 신흑동,경상사고,0,0,2,0,차대사람 - 기타,안전운전불이행,포장 - 건조,맑음,기타 - 기타,승용,남,18세,상해없음,보행자,남,22세,경상
2636,2019081500100273,2019년 8월 15일 14시,목요일,충청남도 부여군 부여읍,중상사고,0,1,0,0,차대사람 - 횡단중,안전운전불이행,포장 - 젖음/습기,비,교차로 - 교차로부근,화물,남,53세,상해없음,보행자,여,61세,중상
2637,2019081500100308,2019년 8월 15일 15시,목요일,충청남도 아산시 온천동,부상신고사고,0,0,0,1,차대사람 - 기타,안전운전불이행,포장 - 젖음/습기,비,단일로 - 기타,이륜,남,19세,부상신고,보행자,남,84세,상해없음
2638,2019081500100309,2019년 8월 15일 15시,목요일,충청남도 보령시 신흑동,경상사고,0,0,1,0,차대사람 - 기타,안전운전불이행,포장 - 건조,맑음,단일로 - 기타,승용,남,43세,상해없음,보행자,남,38세,경상
2639,2019081500100310,2019년 8월 15일 15시,목요일,충청남도 보령시 동대동,경상사고,0,0,1,0,차대사람 - 기타,안전운전불이행,포장 - 건조,맑음,교차로 - 교차로안,승용,여,45세,상해없음,보행자,남,23세,경상
2640,2019081500100374,2019년 8월 15일 17시,목요일,충청남도 공주시 옥룡동,경상사고,0,0,1,0,차대사람 - 길가장자리구역통행중,보행자보호의무위반,포장 - 젖음/습기,흐림,단일로 - 기타,승용,남,38세,상해없음,보행자,여,32세,경상
2641,2019081500100466,2019년 8월 15일 20시,목요일,충청남도 서산시 동문동,중상사고,0,1,0,0,차대사람 - 횡단중,안전운전불이행,포장 - 건조,맑음,교차로 - 교차로부근,승용,남,63세,상해없음,보행자,여,53세,중상
2642,2019081600100326,2019년 8월 16일 13시,금요일,충청남도 천안시 동남구 대흥동,경상사고,0,0,1,0,차대사람 - 횡단중,안전운전불이행,포장 - 건조,맑음,교차로 - 교차로안,승용,남,57세,상해없음,보행자,남,65세,경상
2643,2019081600100396,2019년 8월 16일 15시,금요일,충청남도 공주시 금성동,중상사고,0,1,0,0,차대사람 - 기타,안전운전불이행,포장 - 건조,맑음,단일로 - 기타,승용,여,75세,상해없음,보행자,여,77세,중상
2644,2019081600100583,2019년 8월 16일 19시,금요일,충청남도 당진시 원당리,중상사고,0,1,0,0,차대사람 - 차도통행중,보행자보호의무위반,포장 - 건조,맑음,교차로 - 교차로횡단보도내,승용,남,26세,상해없음,보행자,여,5세,중상
2645,2019081600100691,2019년 8월 16일 23시,금요일,충청남도 금산군 추부면,중상사고,0,1,0,0,차대사람 - 차도통행중,안전운전불이행,포장 - 건조,맑음,단일로 - 기타,승용,남,38세,상해없음,보행자,남,35세,중상
2646,2019081700100075,2019년 8월 17일 04시,토요일,충청남도 천안시 서북구 성정동,경상사고,0,0,1,0,차대사람 - 횡단중,안전운전불이행,포장 - 건조,맑음,단일로 - 기타,이륜,남,27세,상해없음,보행자,남,21세,경상
2647,2019081700100199,2019년 8월 17일 11시,토요일,충청남도 청양군 청양읍,중상사고,0,1,0,0,차대사람 - 횡단중,안전운전불이행,포장 - 건조,맑음,교차로 - 교차로횡단보도내,승용,남,77세,상해없음,보행자,여,74세,중상
2648,2019081700100281,2019년 8월 17일 13시,토요일,충청남도 천안시 동남구 사직동,사망사고,1,0,1,0,차대사람 - 기타,안전운전불이행,포장 - 건조,맑음,단일로 - 기타,승합,남,50세,상해없음,보행자,여,75세,사망
2649,2019081700100530,2019년 8월 17일 19시,토요일,충청남도 서산시 동문동,경상사고,0,0,1,0,차대사람 - 기타,안전운전불이행,포장 - 건조,흐림,단일로 - 기타,승용,남,29세,상해없음,보행자,남,38세,경상
2650,2019081700100647,2019년 8월 17일 23시,토요일,충청남도 보령시 신흑동,중상사고,0,1,2,0,차대사람 - 횡단중,보행자보호의무위반,포장 - 건조,맑음,교차로 - 교차로부근,승용,남,54세,상해없음,보행자,남,28세,중상
2651,2019081800100206,2019년 8월 18일 13시,일요일,충청남도 서천군 판교면,경상사고,0,0,1,0,차대사람 - 횡단중,안전운전불이행,포장 - 건조,맑음,단일로 - 기타,승용,남,35세,상해없음,보행자,남,9세,경상
2652,2019081900100299,2019년 8월 19일 13시,월요일,충청남도 천안시 동남구 다가동,부상신고사고,0,0,0,1,차대사람 - 기타,안전운전불이행,포장 - 건조,맑음,단일로 - 기타,승합,남,53세,기타불명,보행자,남,50세,부상신고
2653,2019081900100326,2019년 8월 19일 14시,월요일,충청남도 천안시 서북구 불당동,경상사고,0,0,1,0,차대사람 - 횡단중,보행자보호의무위반,포장 - 건조,맑음,단일로 - 기타,승용,남,64세,상해없음,보행자,남,7세,경상
2654,2019081900100519,2019년 8월 19일 19시,월요일,충청남도 아산시 실옥동,중상사고,0,1,0,0,차대사람 - 횡단중,중앙선침범,포장 - 건조,맑음,교차로 - 교차로횡단보도내,화물,남,70세,상해없음,보행자,여,69세,중상
2655,2019081900100601,2019년 8월 19일 22시,월요일,충청남도 계룡시 금암동,중상사고,0,1,0,0,차대사람 - 기타,안전운전불이행,포장 - 건조,맑음,주차장 - 주차장,승합,남,45세,상해없음,보행자,남,41세,중상
2656,2019082000100133,2019년 8월 20일 08시,화요일,충청남도 당진시 원당리,중상사고,0,1,0,0,차대사람 - 횡단중,보행자보호의무위반,포장 - 건조,맑음,교차로 - 교차로횡단보도내,승합,남,47세,상해없음,보행자,여,20세,중상
2657,2019082000100233,2019년 8월 20일 11시,화요일,충청남도 천안시 동남구 성황동,경상사고,0,0,1,0,차대사람 - 기타,안전운전불이행,포장 - 건조,맑음,교차로 - 교차로안,승용,여,22세,상해없음,보행자,여,55세,경상
2658,2019082000100234,2019년 8월 20일 11시,화요일,충청남도 천안시 동남구 병천면,경상사고,0,0,1,0,차대사람 - 횡단중,안전운전불이행,포장 - 건조,맑음,단일로 - 기타,승용,남,48세,상해없음,보행자,여,64세,경상
2659,2019082000100268,2019년 8월 20일 12시,화요일,충청남도 아산시 온천동,사망사고,1,0,0,0,차대사람 - 횡단중,안전운전불이행,포장 - 건조,맑음,단일로 - 기타,승용,여,26세,상해없음,보행자,여,84세,사망
2660,2019082000100373,2019년 8월 20일 15시,화요일,충청남도 보령시 천북면,중상사고,0,3,0,0,차대사람 - 기타,안전운전불이행,포장 - 건조,맑음,단일로 - 교량,화물,남,60세,상해없음,보행자,남,48세,중상
2661,2019082000100413,2019년 8월 20일 16시,화요일,충청남도 홍성군 홍성읍,중상사고,0,1,0,0,차대사람 - 횡단중,안전운전불이행,포장 - 건조,맑음,단일로 - 기타,승용,남,32세,상해없음,보행자,여,71세,중상
2662,2019082000100414,2019년 8월 20일 16시,화요일,충청남도 보령시 청소면,중상사고,0,2,1,0,차대사람 - 보도통행중,안전운전불이행,포장 - 건조,맑음,단일로 - 기타,승용,남,72세,경상,보행자,남,11세,중상
2663,2019082000100631,2019년 8월 20일 22시,화요일,충청남도 천안시 서북구 성성동,경상사고,0,0,1,0,차대사람 - 차도통행중,안전운전불이행,포장 - 건조,맑음,단일로 - 기타,승용,남,35세,상해없음,보행자,여,56세,경상
2664,2019082100100292,2019년 8월 21일 13시,수요일,충청남도 천안시 서북구 성정동,경상사고,0,0,1,0,차대사람 - 횡단중,안전운전불이행,포장 - 건조,맑음,단일로 - 기타,개인형이동수단(PM),남,34세,경상,보행자,남,27세,상해없음
2665,2019082100100329,2019년 8월 21일 14시,수요일,충청남도 천안시 동남구 구성동,중상사고,0,1,0,0,차대사람 - 횡단중,안전운전불이행,포장 - 건조,맑음,단일로 - 기타,승용,남,74세,상해없음,보행자,남,35세,중상
2666,2019082100100456,2019년 8월 21일 17시,수요일,충청남도 천안시 서북구 쌍용동,중상사고,0,1,0,0,차대사람 - 횡단중,안전운전불이행,포장 - 건조,맑음,단일로 - 기타,승용,남,40세,상해없음,보행자,여,76세,중상
2667,2019082100100604,2019년 8월 21일 20시,수요일,충청남도 아산시 음봉면,사망사고,1,0,0,0,차대사람 - 횡단중,안전운전불이행,포장 - 건조,기타,교차로 - 교차로부근,화물,남,50세,상해없음,보행자,여,78세,사망
2668,2019082100100639,2019년 8월 21일 21시,수요일,충청남도 예산군 예산읍,중상사고,0,1,0,0,차대사람 - 횡단중,안전운전불이행,포장 - 건조,맑음,교차로 - 교차로안,승용,여,47세,상해없음,보행자,여,54세,중상
2669,2019082200100155,2019년 8월 22일 08시,목요일,충청남도 천안시 동남구 신부동,경상사고,0,0,1,0,차대사람 - 차도통행중,안전운전불이행,포장 - 건조,맑음,교차로 - 교차로안,승용,남,39세,상해없음,보행자,남,26세,경상
2670,2019082200100198,2019년 8월 22일 09시,목요일,충청남도 아산시 용화동,중상사고,0,1,0,0,차대사람 - 횡단중,안전운전불이행,포장 - 건조,맑음,교차로 - 교차로횡단보도내,승용,남,34세,기타불명,보행자,여,89세,중상
2671,2019082200100225,2019년 8월 22일 10시,목요일,충청남도 서산시 읍내동,경상사고,0,0,1,0,차대사람 - 기타,안전운전불이행,포장 - 건조,맑음,단일로 - 기타,기타불명,기타불명,미분류,기타불명,보행자,여,82세,경상
2672,2019082200100295,2019년 8월 22일 12시,목요일,충청남도 부여군 홍산면,중상사고,0,1,0,0,차대사람 - 기타,안전운전불이행,포장 - 건조,맑음,단일로 - 기타,승용,여,58세,상해없음,보행자,남,49세,중상
2673,2019082200100531,2019년 8월 22일 18시,목요일,충청남도 당진시 석문면,경상사고,0,0,1,0,차대사람 - 횡단중,보행자보호의무위반,포장 - 건조,맑음,단일로 - 기타,승용,남,54세,상해없음,보행자,남,8세,경상
2674,2019082200100532,2019년 8월 22일 18시,목요일,충청남도 당진시 송악읍,경상사고,0,0,1,0,차대사람 - 보도통행중,보행자보호의무위반,포장 - 건조,맑음,교차로 - 교차로횡단보도내,승용,여,37세,상해없음,보행자,남,56세,경상
2675,2019082200100570,2019년 8월 22일 19시,목요일,충청남도 보령시 죽정동,중상사고,0,1,0,0,차대사람 - 횡단중,안전운전불이행,포장 - 건조,맑음,단일로 - 기타,승용,남,59세,상해없음,보행자,여,82세,중상
2676,2019082200100612,2019년 8월 22일 20시,목요일,충청남도 천안시 동남구 신부동,경상사고,0,0,1,0,차대사람 - 길가장자리구역통행중,안전운전불이행,포장 - 건조,맑음,단일로 - 기타,승용,남,31세,상해없음,보행자,남,40세,경상
2677,2019082200100635,2019년 8월 22일 21시,목요일,충청남도 서산시 인지면,중상사고,0,1,0,0,차대사람 - 기타,안전운전불이행,포장 - 건조,맑음,단일로 - 기타,승용,남,37세,상해없음,보행자,여,57세,중상
2678,2019082200100637,2019년 8월 22일 21시,목요일,충청남도 공주시 중학동,중상사고,0,1,0,1,차대사람 - 횡단중,보행자보호의무위반,포장 - 건조,맑음,교차로 - 교차로횡단보도내,이륜,남,22세,기타불명,보행자,여,73세,중상
2679,2019082300100423,2019년 8월 23일 16시,금요일,충청남도 당진시 합덕읍,경상사고,0,0,1,0,차대사람 - 차도통행중,안전운전불이행,포장 - 건조,맑음,단일로 - 기타,화물,여,72세,상해없음,보행자,여,15세,경상
2680,2019082300100473,2019년 8월 23일 17시,금요일,충청남도 천안시 서북구 두정동,경상사고,0,0,1,0,차대사람 - 차도통행중,안전운전불이행,포장 - 건조,맑음,단일로 - 기타,승용,여,58세,상해없음,보행자,여,32세,경상
2681,2019082300100713,2019년 8월 23일 23시,금요일,충청남도 천안시 서북구 성정동,중상사고,0,1,0,0,차대사람 - 횡단중,안전운전불이행,포장 - 건조,맑음,교차로 - 교차로부근,승용,남,69세,상해없음,보행자,여,44세,중상
2682,2019082300100714,2019년 8월 23일 23시,금요일,충청남도 천안시 서북구 두정동,경상사고,0,0,1,0,차대사람 - 기타,안전운전불이행,포장 - 건조,맑음,단일로 - 기타,승용,남,40세,상해없음,보행자,남,46세,경상
2683,2019082400100237,2019년 8월 24일 11시,토요일,충청남도 천안시 서북구 성정동,경상사고,0,0,1,0,차대사람 - 횡단중,보행자보호의무위반,포장 - 건조,맑음,교차로 - 교차로안,승용,여,58세,상해없음,보행자,여,67세,경상
2684,2019082400100415,2019년 8월 24일 16시,토요일,충청남도 천안시 동남구 목천읍,중상사고,0,1,0,0,차대사람 - 기타,안전운전불이행,포장 - 건조,맑음,단일로 - 기타,승용,남,56세,상해없음,보행자,여,39세,중상
2685,2019082400100628,2019년 8월 24일 22시,토요일,충청남도 천안시 서북구 불당동,경상사고,0,0,1,0,차대사람 - 기타,안전운전불이행,포장 - 건조,맑음,단일로 - 기타,승용,남,27세,상해없음,보행자,남,7세,경상
2686,2019082500100056,2019년 8월 25일 03시,일요일,충청남도 천안시 서북구 불당동,중상사고,0,1,1,0,차대사람 - 횡단중,안전운전불이행,포장 - 건조,맑음,교차로 - 교차로부근,승용,여,58세,상해없음,보행자,남,31세,중상
2687,2019082500100166,2019년 8월 25일 11시,일요일,충청남도 천안시 동남구 북면,중상사고,0,1,0,0,차대사람 - 기타,안전운전불이행,포장 - 건조,맑음,단일로 - 기타,승용,여,60세,상해없음,보행자,남,84세,중상
2688,2019082500100233,2019년 8월 25일 13시,일요일,충청남도 예산군 광시면,경상사고,0,0,1,0,차대사람 - 횡단중,안전운전불이행,포장 - 건조,맑음,단일로 - 기타,승용,남,51세,상해없음,보행자,남,7세,경상
2689,2019082500100437,2019년 8월 25일 19시,일요일,충청남도 서산시 동문동,경상사고,0,0,1,0,차대사람 - 기타,안전운전불이행,포장 - 건조,맑음,교차로 - 교차로부근,승용,남,60세,상해없음,보행자,여,72세,경상
2690,2019082500100471,2019년 8월 25일 20시,일요일,충청남도 서산시 동문동,중상사고,0,1,0,0,차대사람 - 길가장자리구역통행중,신호위반,포장 - 건조,맑음,단일로 - 기타,승용,남,32세,상해없음,보행자,남,50세,중상
2691,2019082500100472,2019년 8월 25일 20시,일요일,충청남도 천안시 서북구 성정동,사망사고,1,0,1,0,차대사람 - 횡단중,보행자보호의무위반,포장 - 건조,맑음,단일로 - 기타,승용,남,58세,상해없음,보행자,남,64세,사망
2692,2019082600100277,2019년 8월 26일 11시,월요일,충청남도 천안시 서북구 두정동,중상사고,0,1,0,0,차대사람 - 기타,안전운전불이행,포장 - 건조,맑음,교차로 - 교차로안,승용,여,44세,상해없음,보행자,여,90세 이상,중상
2693,2019082600100602,2019년 8월 26일 19시,월요일,충청남도 보령시 남포면,중상사고,0,1,0,0,차대사람 - 횡단중,안전운전불이행,포장 - 건조,맑음,단일로 - 기타,승용,여,64세,상해없음,보행자,여,79세,중상
2694,2019082600100637,2019년 8월 26일 20시,월요일,충청남도 서산시 읍내동,중상사고,0,1,0,0,차대사람 - 길가장자리구역통행중,안전운전불이행,포장 - 건조,맑음,단일로 - 기타,승용,여,44세,기타불명,보행자,남,7세,중상
2695,2019082700100059,2019년 8월 27일 02시,화요일,충청남도 천안시 서북구 불당동,중상사고,0,1,0,0,차대사람 - 기타,안전운전불이행,포장 - 건조,맑음,단일로 - 기타,승용,여,58세,상해없음,보행자,남,26세,중상
2696,2019082700100431,2019년 8월 27일 16시,화요일,충청남도 당진시 송산면,중상사고,0,1,0,0,차대사람 - 차도통행중,안전운전불이행,포장 - 건조,맑음,단일로 - 기타,승용,남,63세,상해없음,보행자,남,64세,중상
2697,2019082700100474,2019년 8월 27일 17시,화요일,충청남도 천안시 서북구 쌍용동,경상사고,0,0,1,0,차대사람 - 횡단중,안전운전불이행,포장 - 건조,맑음,단일로 - 기타,승합,남,60세,상해없음,보행자,남,7세,경상
2698,2019082700100597,2019년 8월 27일 20시,화요일,충청남도 공주시 산성동,경상사고,0,0,2,0,차대사람 - 횡단중,보행자보호의무위반,포장 - 건조,맑음,교차로 - 교차로횡단보도내,승용,여,60세,경상,보행자,여,15세,경상
2699,2019082700100628,2019년 8월 27일 21시,화요일,충청남도 아산시 권곡동,경상사고,0,0,1,0,차대사람 - 기타,안전운전불이행,포장 - 건조,맑음,교차로 - 교차로부근,승용,여,38세,상해없음,보행자,여,81세,경상
2700,2019082700100643,2019년 8월 27일 22시,화요일,충청남도 천안시 서북구 두정동,경상사고,0,0,1,0,차대사람 - 기타,안전운전불이행,포장 - 건조,맑음,교차로 - 교차로횡단보도내,승용,남,61세,상해없음,보행자,남,31세,경상
2701,2019082800100031,2019년 8월 28일 00시,수요일,충청남도 천안시 동남구 풍세면,사망사고,1,0,0,0,차대사람 - 기타,안전운전불이행,포장 - 건조,맑음,단일로 - 기타,승용,남,51세,상해없음,보행자,여,50세,사망
2702,2019082800100211,2019년 8월 28일 10시,수요일,충청남도 당진시 채운동,중상사고,0,1,0,0,차대사람 - 차도통행중,보행자보호의무위반,포장 - 건조,맑음,단일로 - 기타,화물,남,69세,상해없음,보행자,여,66세,중상