,사고번호,사고일시,요일,시군구,사고내용,사망자수,중상자수,경상자수,부상신고자수,사고유형,법규위반,노면상태,기상상태,도로형태,가해운전자 차종,가해운전자 성별,가해운전자 연령,가해운전자 상해정도,피해운전자 차종,피해운전자 성별,피해운전자 연령,피해운전자 상해정도
3039,2019110200100571,2019년 11월 2일 18시,토요일,충청남도 서천군 서면,경상사고,0,0,1,0,차대사람 - 기타,안전운전불이행,포장 - 건조,맑음,교차로 - 교차로부근,승용,남,50세,상해없음,보행자,남,56세,경상
3040,2019110200100572,2019년 11월 2일 18시,토요일,충청남도 금산군 진산면,경상사고,0,0,1,0,차대사람 - 기타,안전운전불이행,포장 - 건조,맑음,단일로 - 기타,승용,남,72세,상해없음,보행자,여,64세,경상
3041,2019110200100624,2019년 11월 2일 19시,토요일,충청남도 천안시 서북구 쌍용동,중상사고,0,1,0,0,차대사람 - 횡단중,보행자보호의무위반,포장 - 건조,맑음,교차로 - 교차로횡단보도내,화물,남,31세,상해없음,보행자,여,16세,중상
3042,2019110200100625,2019년 11월 2일 19시,토요일,충청남도 보령시 대천동,중상사고,0,1,0,0,차대사람 - 횡단중,보행자보호의무위반,포장 - 건조,맑음,교차로 - 교차로안,승용,여,56세,상해없음,보행자,남,63세,중상
3043,2019110200100626,2019년 11월 2일 19시,토요일,충청남도 부여군 옥산면,사망사고,1,0,0,0,차대사람 - 횡단중,안전운전불이행,포장 - 건조,맑음,단일로 - 교량,승합,남,48세,상해없음,보행자,여,83세,사망
3044,2019110200100706,2019년 11월 2일 21시,토요일,충청남도 당진시 송악읍,경상사고,0,0,1,0,차대사람 - 횡단중,안전운전불이행,포장 - 건조,맑음,교차로 - 교차로부근,원동기,남,17세,상해없음,보행자,남,38세,경상
3045,2019110300100100,2019년 11월 3일 06시,일요일,충청남도 공주시 정안면,중상사고,0,1,0,0,차대사람 - 횡단중,보행자보호의무위반,포장 - 젖음/습기,안개,교차로 - 교차로횡단보도내,승용,남,47세,상해없음,보행자,여,66세,중상
3046,2019110300100242,2019년 11월 3일 13시,일요일,충청남도 서천군 비인면,경상사고,0,0,1,0,차대사람 - 길가장자리구역통행중,안전운전불이행,포장 - 건조,맑음,단일로 - 기타,승용,남,27세,상해없음,보행자,여,68세,경상
3047,2019110300100273,2019년 11월 3일 14시,일요일,충청남도 아산시 인주면,경상사고,0,0,1,0,차대사람 - 기타,안전운전불이행,포장 - 건조,맑음,기타 - 기타,승용,남,51세,상해없음,보행자,여,46세,경상
3048,2019110400100086,2019년 11월 4일 06시,월요일,충청남도 서산시 부석면,사망사고,1,0,0,0,차대사람 - 차도통행중,안전운전불이행,포장 - 건조,맑음,단일로 - 기타,화물,남,75세,기타불명,보행자,남,80세,사망
3049,2019110400100112,2019년 11월 4일 07시,월요일,충청남도 태안군 안면읍,사망사고,1,0,0,0,차대사람 - 길가장자리구역통행중,안전운전불이행,포장 - 건조,맑음,단일로 - 기타,화물,남,65세,상해없음,보행자,여,80세,사망
3050,2019110400100154,2019년 11월 4일 08시,월요일,충청남도 아산시 온천동,부상신고사고,0,0,0,1,차대사람 - 횡단중,보행자보호의무위반,포장 - 건조,맑음,기타 - 기타,승용,여,73세,상해없음,보행자,여,59세,부상신고
3051,2019110400100283,2019년 11월 4일 11시,월요일,충청남도 천안시 서북구 입장면,중상사고,0,1,0,0,차대사람 - 횡단중,보행자보호의무위반,포장 - 건조,맑음,교차로 - 교차로안,화물,남,59세,상해없음,보행자,여,77세,중상
3052,2019110400100508,2019년 11월 4일 16시,월요일,충청남도 계룡시 엄사면,경상사고,0,0,1,0,차대사람 - 횡단중,보행자보호의무위반,포장 - 건조,맑음,교차로 - 교차로횡단보도내,화물,여,56세,상해없음,보행자,여,29세,경상
3053,2019110400100616,2019년 11월 4일 18시,월요일,충청남도 당진시 합덕읍,중상사고,0,1,0,0,차대사람 - 차도통행중,안전운전불이행,포장 - 건조,맑음,기타 - 기타,승용,남,47세,상해없음,보행자,여,65세,중상
3054,2019110400100617,2019년 11월 4일 18시,월요일,충청남도 당진시 송산면,경상사고,0,0,1,0,차대사람 - 차도통행중,보행자보호의무위반,포장 - 건조,맑음,교차로 - 교차로안,승용,남,46세,상해없음,보행자,남,17세,경상
3055,2019110400100667,2019년 11월 4일 19시,월요일,충청남도 천안시 서북구 불당동,중상사고,0,1,0,0,차대사람 - 기타,신호위반,포장 - 건조,맑음,단일로 - 기타,승용,남,29세,상해없음,보행자,여,4세,중상
3056,2019110400100669,2019년 11월 4일 19시,월요일,충청남도 당진시 대덕리,중상사고,0,1,0,0,차대사람 - 보도통행중,보행자보호의무위반,포장 - 건조,맑음,교차로 - 교차로횡단보도내,승용,여,50세,상해없음,보행자,여,41세,중상
3057,2019110400100783,2019년 11월 4일 23시,월요일,충청남도 천안시 서북구 불당동,사망사고,1,0,0,0,차대사람 - 기타,과속,포장 - 건조,맑음,단일로 - 기타,승용,남,61세,상해없음,보행자,여,40세,사망
3058,2019110500100287,2019년 11월 5일 11시,화요일,충청남도 부여군 부여읍,경상사고,0,0,1,0,차대사람 - 기타,보행자보호의무위반,포장 - 건조,맑음,단일로 - 기타,승용,여,52세,상해없음,보행자,여,60세,경상
3059,2019110500100356,2019년 11월 5일 13시,화요일,충청남도 금산군 금성면,경상사고,0,0,1,0,차대사람 - 기타,안전운전불이행,포장 - 건조,맑음,단일로 - 기타,승용,여,53세,상해없음,보행자,여,67세,경상
3060,2019110500100450,2019년 11월 5일 15시,화요일,충청남도 공주시 웅진동,경상사고,0,0,1,0,차대사람 - 횡단중,보행자보호의무위반,포장 - 건조,맑음,단일로 - 기타,승용,남,34세,기타불명,보행자,여,18세,경상
3061,2019110500100486,2019년 11월 5일 16시,화요일,충청남도 천안시 서북구 쌍용동,경상사고,0,0,1,0,차대사람 - 기타,기타,포장 - 건조,맑음,단일로 - 기타,승합,남,50세,상해없음,보행자,남,85세,경상
3062,2019110500100487,2019년 11월 5일 16시,화요일,충청남도 천안시 서북구 쌍용동,부상신고사고,0,0,0,1,차대사람 - 횡단중,보행자보호의무위반,포장 - 건조,맑음,단일로 - 기타,승용,남,23세,상해없음,보행자,남,8세,부상신고
3063,2019110500100593,2019년 11월 5일 18시,화요일,충청남도 천안시 서북구 두정동,경상사고,0,0,1,0,차대사람 - 횡단중,안전운전불이행,포장 - 건조,맑음,단일로 - 기타,승용,남,38세,상해없음,보행자,남,56세,경상
3064,2019110600100182,2019년 11월 6일 09시,수요일,충청남도 청양군 비봉면,중상사고,0,1,0,0,차대사람 - 기타,안전운전불이행,포장 - 건조,맑음,단일로 - 기타,화물,남,53세,상해없음,보행자,남,49세,중상
3065,2019110600100402,2019년 11월 6일 15시,수요일,충청남도 홍성군 홍성읍,경상사고,0,0,1,0,차대사람 - 기타,안전운전불이행,포장 - 건조,맑음,단일로 - 기타,승용,남,47세,상해없음,보행자,남,56세,경상
3066,2019110600100503,2019년 11월 6일 17시,수요일,충청남도 공주시 웅진동,경상사고,0,0,1,0,차대사람 - 횡단중,보행자보호의무위반,포장 - 건조,맑음,교차로 - 교차로안,승용,남,55세,상해없음,보행자,여,59세,경상
3067,2019110600100570,2019년 11월 6일 18시,수요일,충청남도 논산시 상월면,사망사고,1,0,0,0,차대사람 - 횡단중,안전운전불이행,포장 - 건조,맑음,단일로 - 기타,승용,여,50세,상해없음,보행자,여,88세,사망
3068,2019110600100629,2019년 11월 6일 19시,수요일,충청남도 당진시 수청리,경상사고,0,0,1,0,차대사람 - 기타,신호위반,포장 - 건조,기타,교차로 - 교차로횡단보도내,이륜,남,45세,상해없음,보행자,남,46세,경상
3069,2019110700100267,2019년 11월 7일 11시,목요일,충청남도 천안시 동남구 대흥동,중상사고,0,1,0,0,차대사람 - 횡단중,보행자보호의무위반,포장 - 건조,맑음,단일로 - 기타,승용,남,58세,상해없음,보행자,여,71세,중상
3070,2019110700100382,2019년 11월 7일 14시,목요일,충청남도 아산시 온천동,중상사고,0,1,0,0,차대사람 - 횡단중,보행자보호의무위반,포장 - 건조,맑음,교차로 - 교차로횡단보도내,승용,남,57세,상해없음,보행자,여,81세,중상
3071,2019110700100569,2019년 11월 7일 18시,목요일,충청남도 서산시 예천동,중상사고,0,1,0,0,차대사람 - 횡단중,신호위반,포장 - 건조,맑음,교차로 - 교차로횡단보도내,승용,여,38세,상해없음,보행자,남,7세,중상
3072,2019110700100570,2019년 11월 7일 18시,목요일,충청남도 홍성군 홍성읍,중상사고,0,1,0,0,차대사람 - 횡단중,보행자보호의무위반,포장 - 건조,맑음,교차로 - 교차로횡단보도내,승용,여,42세,상해없음,보행자,여,52세,중상
3073,2019110700100637,2019년 11월 7일 19시,목요일,충청남도 보령시 동대동,중상사고,0,1,0,0,차대사람 - 보도통행중,보행자보호의무위반,포장 - 건조,맑음,교차로 - 교차로안,승용,여,51세,상해없음,보행자,남,44세,중상
3074,2019110800100062,2019년 11월 8일 03시,금요일,충청남도 아산시 온천동,중상사고,0,1,0,0,차대사람 - 기타,안전운전불이행,포장 - 건조,맑음,단일로 - 기타,승합,남,39세,상해없음,보행자,여,41세,중상
3075,2019110800100092,2019년 11월 8일 06시,금요일,충청남도 천안시 서북구 성정동,중상사고,0,1,0,0,차대사람 - 횡단중,안전운전불이행,포장 - 건조,맑음,교차로 - 교차로안,승합,남,46세,상해없음,보행자,여,56세,중상
3076,2019110800100170,2019년 11월 8일 08시,금요일,충청남도 홍성군 홍성읍,중상사고,0,1,0,0,차대사람 - 횡단중,보행자보호의무위반,포장 - 건조,맑음,단일로 - 기타,승용,남,51세,상해없음,보행자,여,7세,중상
3077,2019110800100172,2019년 11월 8일 08시,금요일,충청남도 보령시 대천동,중상사고,0,1,0,0,차대사람 - 기타,안전운전불이행,포장 - 건조,맑음,단일로 - 기타,승용,남,46세,상해없음,보행자,남,73세,중상
3078,2019110800100371,2019년 11월 8일 13시,금요일,충청남도 보령시 대천동,경상사고,0,0,1,0,차대사람 - 횡단중,보행자보호의무위반,포장 - 건조,맑음,교차로 - 교차로횡단보도내,승용,여,65세,상해없음,보행자,여,47세,경상
3079,2019110800100462,2019년 11월 8일 15시,금요일,충청남도 논산시 대교동,중상사고,0,1,0,0,차대사람 - 길가장자리구역통행중,안전운전불이행,포장 - 건조,맑음,단일로 - 기타,승용,남,66세,상해없음,보행자,여,86세,중상
3080,2019110800100463,2019년 11월 8일 15시,금요일,충청남도 서천군 서천읍,중상사고,0,1,0,0,차대사람 - 차도통행중,안전운전불이행,포장 - 건조,맑음,단일로 - 기타,특수,남,47세,상해없음,보행자,남,47세,중상
3081,2019110800100621,2019년 11월 8일 18시,금요일,충청남도 서산시 성연면,중상사고,0,1,0,0,차대사람 - 차도통행중,보행자보호의무위반,포장 - 건조,맑음,단일로 - 기타,승용,여,37세,상해없음,보행자,여,7세,중상
3082,2019110800100624,2019년 11월 8일 18시,금요일,충청남도 논산시 은진면,중상사고,0,1,1,0,차대사람 - 횡단중,안전운전불이행,포장 - 건조,맑음,단일로 - 기타,이륜,남,64세,경상,보행자,여,75세,중상
3083,2019110800100627,2019년 11월 8일 18시,금요일,충청남도 천안시 동남구 구성동,경상사고,0,0,1,0,차대사람 - 기타,보행자보호의무위반,포장 - 건조,맑음,단일로 - 기타,승용,남,29세,상해없음,보행자,남,77세,경상
3084,2019110800100815,2019년 11월 8일 22시,금요일,충청남도 아산시 배방읍,중상사고,0,1,0,0,차대사람 - 횡단중,안전운전불이행,포장 - 건조,맑음,교차로 - 교차로안,화물,남,43세,상해없음,보행자,남,14세,중상
3085,2019110800100816,2019년 11월 8일 22시,금요일,충청남도 공주시 금흥동,경상사고,0,0,1,0,차대사람 - 횡단중,신호위반,포장 - 건조,맑음,교차로 - 교차로부근,승용,남,52세,상해없음,보행자,남,57세,경상
3086,2019110900100228,2019년 11월 9일 10시,토요일,충청남도 보령시 주교면,사망사고,1,1,2,0,차대사람 - 기타,과속,포장 - 건조,맑음,기타 - 기타,승용,남,67세,상해없음,보행자,남,66세,사망
3087,2019110900100641,2019년 11월 9일 19시,토요일,충청남도 보령시 주교면,중상사고,0,1,0,0,차대사람 - 기타,안전운전불이행,포장 - 건조,맑음,단일로 - 기타,승용,남,23세,상해없음,보행자,남,58세,중상
3088,2019111000100104,2019년 11월 10일 06시,일요일,충청남도 천안시 동남구 신방동,경상사고,0,0,1,0,차대사람 - 횡단중,안전운전불이행,포장 - 건조,맑음,교차로 - 교차로안,승용,남,31세,상해없음,보행자,남,18세,경상
3089,2019111000100116,2019년 11월 10일 07시,일요일,충청남도 서산시 동문동,중상사고,0,1,0,0,차대사람 - 기타,과속,포장 - 건조,맑음,단일로 - 기타,승용,남,16세,상해없음,보행자,여,77세,중상
3090,2019111000100362,2019년 11월 10일 17시,일요일,충청남도 서산시 대산읍,중상사고,0,1,0,0,차대사람 - 횡단중,보행자보호의무위반,포장 - 젖음/습기,비,단일로 - 기타,승용,남,63세,상해없음,보행자,남,9세,중상
3091,2019111000100363,2019년 11월 10일 17시,일요일,충청남도 보령시 명천동,중상사고,0,1,0,0,차대사람 - 횡단중,보행자보호의무위반,포장 - 젖음/습기,맑음,교차로 - 교차로안,승합,남,45세,상해없음,보행자,남,57세,중상
3092,2019111000100413,2019년 11월 10일 18시,일요일,충청남도 서산시 동문동,중상사고,0,1,0,0,차대사람 - 횡단중,보행자보호의무위반,포장 - 젖음/습기,비,교차로 - 교차로횡단보도내,승용,남,32세,상해없음,보행자,남,17세,중상
3093,2019111000100641,2019년 11월 10일 23시,일요일,충청남도 천안시 서북구 성정동,경상사고,0,0,1,0,차대사람 - 횡단중,신호위반,포장 - 젖음/습기,비,교차로 - 교차로안,승용,남,65세,상해없음,보행자,여,21세,경상
3094,2019111100100089,2019년 11월 11일 06시,월요일,충청남도 청양군 청양읍,사망사고,1,0,0,0,차대사람 - 횡단중,안전운전불이행,포장 - 젖음/습기,흐림,교차로 - 교차로안,승용,남,79세,상해없음,보행자,남,64세,사망
3095,2019111100100163,2019년 11월 11일 08시,월요일,충청남도 천안시 동남구 신부동,경상사고,0,0,1,0,차대사람 - 기타,보행자보호의무위반,포장 - 건조,맑음,교차로 - 교차로횡단보도내,기타불명,기타불명,미분류,기타불명,보행자,여,24세,경상
3096,2019111100100249,2019년 11월 11일 10시,월요일,충청남도 서천군 서천읍,중상사고,0,1,0,0,차대사람 - 횡단중,안전운전불이행,포장 - 건조,맑음,교차로 - 교차로안,화물,남,63세,상해없음,보행자,여,82세,중상
3097,2019111100100592,2019년 11월 11일 18시,월요일,충청남도 보령시 죽정동,중상사고,0,1,0,0,차대사람 - 횡단중,보행자보호의무위반,포장 - 건조,맑음,교차로 - 교차로안,승용,남,20세,기타불명,보행자,남,7세,중상
3098,2019111100100593,2019년 11월 11일 18시,월요일,충청남도 보령시 명천동,중상사고,0,1,0,0,차대사람 - 횡단중,안전운전불이행,포장 - 건조,맑음,기타 - 기타,승용,남,57세,상해없음,보행자,여,51세,중상
3099,2019111200100214,2019년 11월 12일 10시,화요일,충청남도 천안시 동남구 청수동,경상사고,0,0,2,0,차대사람 - 기타,신호위반,포장 - 건조,맑음,교차로 - 교차로안,승용,남,47세,기타불명,보행자,남,48세,경상
3100,2019111200100448,2019년 11월 12일 17시,화요일,충청남도 부여군 홍산면,사망사고,1,0,0,0,차대사람 - 기타,안전운전불이행,포장 - 건조,맑음,단일로 - 기타,화물,남,63세,상해없음,보행자,남,75세,사망
3101,2019111200100507,2019년 11월 12일 18시,화요일,충청남도 서산시 읍내동,경상사고,0,0,1,0,차대사람 - 횡단중,보행자보호의무위반,포장 - 건조,맑음,교차로 - 교차로안,승용,여,33세,상해없음,보행자,남,55세,경상
3102,2019111300100172,2019년 11월 13일 09시,수요일,충청남도 천안시 동남구 영성동,중상사고,0,1,0,0,차대사람 - 횡단중,직진우회전진행방해,포장 - 건조,맑음,교차로 - 교차로안,승용,남,28세,상해없음,보행자,여,79세,중상
3103,2019111300100350,2019년 11월 13일 15시,수요일,충청남도 천안시 서북구 백석동,경상사고,0,0,1,0,차대사람 - 횡단중,안전운전불이행,포장 - 젖음/습기,비,단일로 - 기타,화물,남,34세,상해없음,보행자,남,5세,경상
3104,2019111300100352,2019년 11월 13일 15시,수요일,충청남도 예산군 고덕면,경상사고,0,0,1,0,차대사람 - 길가장자리구역통행중,안전운전불이행,포장 - 젖음/습기,비,기타 - 기타,기타불명,기타불명,미분류,기타불명,보행자,남,50세,경상
3105,2019111300100401,2019년 11월 13일 16시,수요일,충청남도 예산군 신암면,중상사고,0,1,0,0,차대사람 - 길가장자리구역통행중,안전운전불이행,포장 - 젖음/습기,비,단일로 - 기타,기타불명,기타불명,미분류,기타불명,보행자,여,75세,중상
3106,2019111300100516,2019년 11월 13일 18시,수요일,충청남도 천안시 동남구 유량동,중상사고,0,1,0,0,차대사람 - 횡단중,안전운전불이행,포장 - 건조,맑음,교차로 - 교차로안,승용,여,59세,상해없음,보행자,남,61세,중상
3107,2019111400100080,2019년 11월 14일 06시,목요일,충청남도 천안시 동남구 영성동,중상사고,0,1,0,0,차대사람 - 횡단중,안전운전불이행,포장 - 건조,맑음,단일로 - 기타,승용,남,35세,상해없음,보행자,여,78세,중상
3108,2019111400100483,2019년 11월 14일 16시,목요일,충청남도 당진시 읍내리,중상사고,0,1,1,0,차대사람 - 횡단중,보행자보호의무위반,포장 - 건조,맑음,단일로 - 기타,승용,남,45세,상해없음,보행자,여,77세,중상
3109,2019111400100601,2019년 11월 14일 18시,목요일,충청남도 천안시 서북구 불당동,중상사고,0,1,0,0,차대사람 - 횡단중,보행자보호의무위반,포장 - 건조,맑음,교차로 - 교차로안,승용,여,51세,상해없음,보행자,여,50세,중상
3110,2019111400100667,2019년 11월 14일 19시,목요일,충청남도 천안시 서북구 두정동,경상사고,0,0,1,0,차대사람 - 기타,안전운전불이행,포장 - 건조,맑음,단일로 - 기타,기타불명,기타불명,미분류,기타불명,보행자,남,24세,경상
3111,2019111400100668,2019년 11월 14일 19시,목요일,충청남도 논산시 연무읍,중상사고,0,1,0,0,차대사람 - 기타,안전운전불이행,포장 - 건조,맑음,단일로 - 기타,승용,여,42세,상해없음,보행자,여,84세,중상
3112,2019111400100739,2019년 11월 14일 21시,목요일,충청남도 서천군 한산면,사망사고,1,1,0,0,차대사람 - 차도통행중,안전운전불이행,포장 - 건조,맑음,단일로 - 기타,승용,남,52세,중상,보행자,남,55세,사망
3113,2019111500100095,2019년 11월 15일 06시,금요일,충청남도 천안시 서북구 쌍용동,경상사고,0,0,1,0,차대사람 - 횡단중,보행자보호의무위반,포장 - 건조,맑음,교차로 - 교차로횡단보도내,승용,남,70세,상해없음,보행자,남,45세,경상
3114,2019111500100166,2019년 11월 15일 08시,금요일,충청남도 보령시 동대동,경상사고,0,0,1,0,차대사람 - 차도통행중,안전운전불이행,포장 - 건조,맑음,단일로 - 기타,기타불명,기타불명,미분류,기타불명,보행자,여,13세,경상
3115,2019111500100398,2019년 11월 15일 13시,금요일,충청남도 천안시 동남구 목천읍,경상사고,0,0,1,0,차대사람 - 기타,교차로운행방법위반,포장 - 건조,맑음,교차로 - 교차로안,승용,남,14세,상해없음,보행자,남,22세,경상
3116,2019111500100587,2019년 11월 15일 17시,금요일,충청남도 금산군 금산읍,중상사고,0,1,0,0,차대사람 - 기타,안전운전불이행,포장 - 건조,맑음,단일로 - 기타,승용,여,43세,상해없음,보행자,남,10세,중상
3117,2019111500100660,2019년 11월 15일 18시,금요일,충청남도 보령시 주포면,중상사고,0,3,0,0,차대사람 - 길가장자리구역통행중,안전운전불이행,포장 - 건조,맑음,단일로 - 기타,이륜,남,63세,중상,보행자,남,60세,중상
3118,2019111500100746,2019년 11월 15일 19시,금요일,충청남도 홍성군 홍성읍,경상사고,0,0,1,0,차대사람 - 횡단중,안전운전불이행,포장 - 건조,맑음,교차로 - 교차로안,승용,남,42세,상해없음,보행자,남,63세,경상
3119,2019111500100747,2019년 11월 15일 19시,금요일,충청남도 보령시 웅천읍,중상사고,0,1,0,0,차대사람 - 횡단중,안전운전불이행,포장 - 건조,맑음,교차로 - 교차로안,승용,남,55세,상해없음,보행자,여,72세,중상
3120,2019111500100803,2019년 11월 15일 20시,금요일,충청남도 아산시 용화동,중상사고,0,1,0,0,차대사람 - 기타,신호위반,포장 - 젖음/습기,비,교차로 - 교차로안,이륜,남,29세,상해없음,보행자,여,39세,중상
3121,2019111500100850,2019년 11월 15일 21시,금요일,충청남도 천안시 서북구 두정동,경상사고,0,0,1,0,차대사람 - 기타,안전운전불이행,포장 - 젖음/습기,비,단일로 - 기타,승용,남,34세,상해없음,보행자,남,35세,경상
3122,2019111600100032,2019년 11월 16일 00시,토요일,충청남도 천안시 서북구 두정동,경상사고,0,0,1,0,차대사람 - 기타,안전운전불이행,포장 - 젖음/습기,흐림,단일로 - 기타,승용,남,43세,상해없음,보행자,여,19세,경상
3123,2019111600100203,2019년 11월 16일 10시,토요일,충청남도 서산시 동문동,중상사고,0,1,0,0,차대사람 - 횡단중,안전운전불이행,포장 - 건조,맑음,단일로 - 기타,승용,남,70세,상해없음,보행자,여,81세,중상
3124,2019111600100381,2019년 11월 16일 14시,토요일,충청남도 공주시 산성동,중상사고,0,1,0,0,차대사람 - 횡단중,보행자보호의무위반,포장 - 건조,맑음,교차로 - 교차로부근,승용,남,56세,상해없음,보행자,여,80세,중상
3125,2019111600100499,2019년 11월 16일 17시,토요일,충청남도 보령시 죽정동,경상사고,0,0,1,0,차대사람 - 횡단중,안전운전불이행,포장 - 건조,맑음,단일로 - 기타,승용,여,33세,상해없음,보행자,여,57세,경상
3126,2019111600100553,2019년 11월 16일 18시,토요일,충청남도 부여군 은산면,중상사고,0,1,0,0,차대사람 - 차도통행중,중앙선침범,포장 - 건조,맑음,단일로 - 기타,승용,여,35세,상해없음,보행자,남,57세,중상
3127,2019111600100555,2019년 11월 16일 18시,토요일,충청남도 청양군 비봉면,경상사고,0,0,1,0,차대사람 - 차도통행중,안전운전불이행,포장 - 기타,안개,단일로 - 기타,화물,남,44세,상해없음,보행자,남,49세,경상
3128,2019111600100603,2019년 11월 16일 19시,토요일,충청남도 천안시 서북구 불당동,경상사고,0,0,1,0,차대사람 - 횡단중,보행자보호의무위반,포장 - 건조,맑음,교차로 - 교차로안,승용,남,49세,상해없음,보행자,여,25세,경상
3129,2019111700100356,2019년 11월 17일 17시,일요일,충청남도 태안군 근흥면,중상사고,0,1,0,0,차대사람 - 기타,안전운전불이행,포장 - 젖음/습기,비,단일로 - 기타,화물,남,77세,상해없음,보행자,남,57세,중상
3130,2019111700100409,2019년 11월 17일 18시,일요일,충청남도 천안시 서북구 성환읍,중상사고,0,1,0,0,차대사람 - 횡단중,보행자보호의무위반,포장 - 젖음/습기,비,교차로 - 교차로횡단보도내,승용,남,74세,상해없음,보행자,남,61세,중상
3131,2019111700100471,2019년 11월 17일 19시,일요일,충청남도 천안시 서북구 성정동,경상사고,0,0,1,0,차대사람 - 기타,안전운전불이행,포장 - 젖음/습기,비,단일로 - 기타,기타불명,기타불명,미분류,기타불명,보행자,여,43세,경상
3132,2019111700100518,2019년 11월 17일 20시,일요일,충청남도 논산시 대교동,경상사고,0,0,1,0,차대사람 - 길가장자리구역통행중,안전운전불이행,포장 - 젖음/습기,비,교차로 - 교차로부근,승용,여,60세,기타불명,보행자,여,64세,경상
3133,2019111700100545,2019년 11월 17일 21시,일요일,충청남도 천안시 서북구 두정동,중상사고,0,1,0,0,차대사람 - 횡단중,보행자보호의무위반,비포장 - 젖음/습기,비,교차로 - 교차로횡단보도내,승합,남,54세,상해없음,보행자,여,17세,중상
3134,2019111800100075,2019년 11월 18일 05시,월요일,충청남도 천안시 서북구 성환읍,중상사고,0,1,0,0,차대사람 - 기타,안전운전불이행,포장 - 젖음/습기,비,단일로 - 기타,화물,남,63세,상해없음,보행자,여,55세,중상
3135,2019111800100325,2019년 11월 18일 13시,월요일,충청남도 천안시 서북구 두정동,경상사고,0,0,2,0,차대사람 - 기타,안전운전불이행,포장 - 건조,맑음,교차로 - 교차로부근,승용,남,28세,기타불명,보행자,남,18세,경상
3136,2019111800100367,2019년 11월 18일 14시,월요일,충청남도 예산군 삽교읍,중상사고,0,1,0,0,차대사람 - 기타,안전운전불이행,포장 - 건조,맑음,단일로 - 기타,이륜,남,61세,상해없음,보행자,남,46세,중상
3137,2019111800100368,2019년 11월 18일 14시,월요일,충청남도 당진시 합덕읍,중상사고,0,1,0,0,차대사람 - 횡단중,안전운전불이행,포장 - 건조,맑음,단일로 - 기타,승용,남,23세,상해없음,보행자,여,9세,중상
3138,2019111800100414,2019년 11월 18일 15시,월요일,충청남도 서산시 동문동,경상사고,0,0,1,0,차대사람 - 차도통행중,안전운전불이행,포장 - 건조,맑음,단일로 - 기타,승용,남,69세,상해없음,보행자,여,78세,경상
3139,2019111800100415,2019년 11월 18일 15시,월요일,충청남도 당진시 읍내리,경상사고,0,0,1,0,차대사람 - 차도통행중,안전운전불이행,포장 - 건조,맑음,단일로 - 기타,화물,남,70세,상해없음,보행자,여,12세,경상
3140,2019111800100490,2019년 11월 18일 17시,월요일,충청남도 천안시 서북구 성환읍,중상사고,0,1,0,0,차대사람 - 횡단중,안전운전불이행,포장 - 건조,맑음,교차로 - 교차로안,승용,남,82세,상해없음,보행자,여,54세,중상
3141,2019111800100552,2019년 11월 18일 18시,월요일,충청남도 서산시 동문동,중상사고,0,1,0,0,차대사람 - 기타,보행자보호의무위반,포장 - 건조,맑음,교차로 - 교차로횡단보도내,승용,남,42세,상해없음,보행자,여,17세,중상
3142,2019111800100556,2019년 11월 18일 18시,월요일,충청남도 당진시 고대면,중상사고,0,1,0,0,차대사람 - 기타,안전운전불이행,포장 - 건조,맑음,단일로 - 기타,기타불명,기타불명,미분류,기타불명,보행자,남,67세,중상
3143,2019111800100557,2019년 11월 18일 18시,월요일,충청남도 천안시 동남구 구룡동,경상사고,0,0,1,0,차대사람 - 횡단중,안전운전불이행,포장 - 건조,맑음,교차로 - 교차로부근,승합,남,59세,상해없음,보행자,남,68세,경상
3144,2019111900100057,2019년 11월 19일 02시,화요일,충청남도 홍성군 광천읍,경상사고,0,0,1,0,차대사람 - 기타,안전운전불이행,포장 - 건조,맑음,단일로 - 기타,자전거,여,50세,상해없음,보행자,여,51세,경상
3145,2019111900100116,2019년 11월 19일 07시,화요일,충청남도 부여군 규암면,중상사고,0,1,0,0,차대사람 - 횡단중,보행자보호의무위반,포장 - 건조,맑음,단일로 - 기타,승용,여,28세,상해없음,보행자,여,75세,중상
3146,2019111900100210,2019년 11월 19일 09시,화요일,충청남도 금산군 금산읍,중상사고,0,1,0,0,차대사람 - 기타,안전운전불이행,포장 - 젖음/습기,흐림,교차로 - 교차로안,승용,남,64세,상해없음,보행자,남,77세,중상
3147,2019111900100299,2019년 11월 19일 11시,화요일,충청남도 천안시 동남구 다가동,경상사고,0,0,1,0,차대사람 - 기타,안전운전불이행,포장 - 건조,맑음,단일로 - 기타,승용,여,64세,상해없음,보행자,여,44세,경상
3148,2019111900100338,2019년 11월 19일 12시,화요일,충청남도 서산시 석림동,중상사고,0,1,0,0,차대사람 - 횡단중,보행자보호의무위반,포장 - 젖음/습기,눈,교차로 - 교차로횡단보도내,화물,남,48세,상해없음,보행자,남,83세,중상
3149,2019111900100409,2019년 11월 19일 14시,화요일,충청남도 천안시 서북구 불당동,경상사고,0,0,1,0,차대사람 - 횡단중,안전운전불이행,포장 - 건조,맑음,단일로 - 기타,승합,남,60세,상해없음,보행자,여,7세,경상