,사고번호,사고일시,요일,시군구,사고내용,사망자수,중상자수,경상자수,부상신고자수,사고유형,법규위반,노면상태,기상상태,도로형태,가해운전자 차종,가해운전자 성별,가해운전자 연령,가해운전자 상해정도,피해운전자 차종,피해운전자 성별,피해운전자 연령,피해운전자 상해정도
3262,2019121000100582,2019년 12월 10일 19시,화요일,충청남도 홍성군 홍성읍,중상사고,0,1,0,0,차대사람 - 횡단중,안전운전불이행,포장 - 건조,맑음,단일로 - 기타,승용,여,45세,상해없음,보행자,남,70세,중상
3263,2019121100100240,2019년 12월 11일 11시,수요일,충청남도 천안시 동남구 성황동,중상사고,0,1,0,0,차대사람 - 기타,안전운전불이행,포장 - 건조,맑음,단일로 - 기타,승용,남,70세,상해없음,보행자,여,79세,중상
3264,2019121100100394,2019년 12월 11일 16시,수요일,충청남도 천안시 서북구 입장면,경상사고,0,0,1,0,차대사람 - 차도통행중,안전운전불이행,포장 - 건조,흐림,교차로 - 교차로안,승용,남,77세,상해없음,보행자,여,8세,경상
3265,2019121100100435,2019년 12월 11일 17시,수요일,충청남도 서산시 동문동,중상사고,0,1,0,0,차대사람 - 보도통행중,보행자보호의무위반,포장 - 건조,맑음,교차로 - 교차로횡단보도내,승용,여,34세,상해없음,보행자,여,60세,중상
3266,2019121100100436,2019년 12월 11일 17시,수요일,충청남도 논산시 상월면,중상사고,0,1,0,0,차대사람 - 차도통행중,안전운전불이행,포장 - 건조,맑음,단일로 - 기타,승용,남,58세,상해없음,보행자,남,51세,중상
3267,2019121100100543,2019년 12월 11일 19시,수요일,충청남도 서천군 서천읍,경상사고,0,0,1,0,차대사람 - 기타,안전운전불이행,포장 - 건조,맑음,주차장 - 주차장,승용,여,49세,상해없음,보행자,남,84세,경상
3268,2019121200100161,2019년 12월 12일 08시,목요일,충청남도 아산시 신창면,경상사고,0,0,1,0,차대사람 - 기타,안전운전불이행,포장 - 건조,맑음,단일로 - 기타,승합,남,34세,상해없음,보행자,여,9세,경상
3269,2019121200100237,2019년 12월 12일 10시,목요일,충청남도 예산군 삽교읍,경상사고,0,0,1,0,차대사람 - 차도통행중,안전운전불이행,포장 - 건조,맑음,단일로 - 기타,승용,여,66세,상해없음,보행자,여,73세,경상
3270,2019121200100532,2019년 12월 12일 18시,목요일,충청남도 논산시 가야곡면,중상사고,0,1,0,0,차대사람 - 차도통행중,안전운전불이행,포장 - 건조,맑음,단일로 - 기타,승용,여,49세,상해없음,보행자,여,81세,중상
3271,2019121200100533,2019년 12월 12일 18시,목요일,충청남도 홍성군 홍성읍,중상사고,0,1,0,0,차대사람 - 횡단중,보행자보호의무위반,포장 - 건조,맑음,교차로 - 교차로안,승용,남,54세,상해없음,보행자,남,54세,중상
3272,2019121200100535,2019년 12월 12일 18시,목요일,충청남도 홍성군 결성면,사망사고,1,0,0,0,차대사람 - 길가장자리구역통행중,안전운전불이행,포장 - 건조,맑음,단일로 - 기타,화물,여,58세,상해없음,보행자,여,79세,사망
3273,2019121300100149,2019년 12월 13일 08시,금요일,충청남도 아산시 권곡동,경상사고,0,0,1,0,차대사람 - 기타,안전운전불이행,포장 - 건조,맑음,교차로 - 교차로부근,기타불명,기타불명,미분류,기타불명,보행자,여,14세,경상
3274,2019121300100375,2019년 12월 13일 15시,금요일,충청남도 예산군 예산읍,중상사고,0,1,0,0,차대사람 - 보도통행중,보행자보호의무위반,포장 - 건조,맑음,교차로 - 교차로횡단보도내,승용,남,78세,상해없음,보행자,남,18세,중상
3275,2019121300100619,2019년 12월 13일 19시,금요일,충청남도 보령시 신흑동,중상사고,0,1,0,0,차대사람 - 횡단중,보행자보호의무위반,포장 - 건조,맑음,단일로 - 기타,승용,남,55세,상해없음,보행자,여,46세,중상
3276,2019121300100621,2019년 12월 13일 19시,금요일,충청남도 금산군 추부면,중상사고,0,1,0,0,차대사람 - 차도통행중,안전운전불이행,포장 - 건조,맑음,단일로 - 기타,화물,남,55세,상해없음,보행자,남,27세,중상
3277,2019121300100703,2019년 12월 13일 21시,금요일,충청남도 천안시 서북구 두정동,중상사고,0,1,0,0,차대사람 - 횡단중,보행자보호의무위반,포장 - 건조,맑음,교차로 - 교차로횡단보도내,승용,남,65세,상해없음,보행자,여,45세,중상
3278,2019121300100738,2019년 12월 13일 22시,금요일,충청남도 아산시 권곡동,경상사고,0,0,1,0,차대사람 - 기타,안전운전불이행,포장 - 건조,맑음,단일로 - 기타,화물,남,54세,상해없음,보행자,남,33세,경상
3279,2019121300100739,2019년 12월 13일 22시,금요일,충청남도 천안시 동남구 원성동,중상사고,0,1,0,0,차대사람 - 횡단중,안전운전불이행,포장 - 건조,맑음,단일로 - 기타,승용,남,63세,상해없음,보행자,여,53세,중상
3280,2019121400100086,2019년 12월 14일 03시,토요일,충청남도 천안시 서북구 두정동,중상사고,0,2,0,0,차대사람 - 횡단중,안전운전불이행,포장 - 건조,흐림,교차로 - 교차로횡단보도내,승합,남,46세,상해없음,보행자,남,17세,중상
3281,2019121400100314,2019년 12월 14일 11시,토요일,충청남도 천안시 동남구 쌍용동,중상사고,0,1,1,0,차대사람 - 횡단중,안전운전불이행,포장 - 건조,맑음,단일로 - 기타,이륜,남,46세,경상,보행자,남,14세,중상
3282,2019121400100563,2019년 12월 14일 17시,토요일,충청남도 서산시 음암면,중상사고,0,1,0,0,차대사람 - 길가장자리구역통행중,안전운전불이행,포장 - 건조,맑음,단일로 - 기타,승용,남,51세,상해없음,보행자,남,56세,중상
3283,2019121400100624,2019년 12월 14일 18시,토요일,충청남도 천안시 서북구 쌍용동,경상사고,0,0,1,0,차대사람 - 횡단중,보행자보호의무위반,포장 - 건조,맑음,교차로 - 교차로횡단보도내,이륜,남,20세,상해없음,보행자,남,36세,경상
3284,2019121500100230,2019년 12월 15일 12시,일요일,충청남도 천안시 동남구 신부동,경상사고,0,0,1,0,차대사람 - 횡단중,보행자보호의무위반,포장 - 건조,맑음,단일로 - 기타,승용,남,44세,상해없음,보행자,여,4세,경상
3285,2019121500100421,2019년 12월 15일 18시,일요일,충청남도 아산시 신창면,중상사고,0,1,0,0,차대사람 - 기타,안전운전불이행,포장 - 건조,맑음,기타 - 기타,승용,남,49세,상해없음,보행자,남,51세,중상
3286,2019121500100485,2019년 12월 15일 20시,일요일,충청남도 서천군 장항읍,중상사고,0,1,0,0,차대사람 - 횡단중,안전운전불이행,포장 - 건조,맑음,교차로 - 교차로부근,승용,남,53세,상해없음,보행자,남,60세,중상
3287,2019121600100193,2019년 12월 16일 09시,월요일,충청남도 공주시 이인면,경상사고,0,0,1,0,차대사람 - 기타,안전운전불이행,포장 - 건조,맑음,교차로 - 교차로안,승용,남,72세,상해없음,보행자,남,90세 이상,경상
3288,2019121600100394,2019년 12월 16일 15시,월요일,충청남도 아산시 배방읍,중상사고,0,1,0,0,차대사람 - 횡단중,안전운전불이행,포장 - 건조,맑음,단일로 - 기타,승용,여,28세,상해없음,보행자,여,57세,중상
3289,2019121600100396,2019년 12월 16일 15시,월요일,충청남도 부여군 부여읍,중상사고,0,1,0,0,차대사람 - 차도통행중,안전운전불이행,포장 - 건조,맑음,단일로 - 기타,승용,남,81세,상해없음,보행자,남,41세,중상
3290,2019121600100433,2019년 12월 16일 16시,월요일,충청남도 논산시 광석면,중상사고,0,1,0,0,차대사람 - 기타,안전운전불이행,포장 - 건조,맑음,교차로 - 교차로부근,농기계,남,60세,기타불명,보행자,여,42세,중상
3291,2019121600100638,2019년 12월 16일 21시,월요일,충청남도 논산시 내동,중상사고,0,1,0,0,차대사람 - 횡단중,보행자보호의무위반,포장 - 건조,맑음,교차로 - 교차로횡단보도내,승용,남,41세,상해없음,보행자,남,52세,중상
3292,2019121700100323,2019년 12월 17일 14시,화요일,충청남도 서산시 동문동,중상사고,0,1,0,0,차대사람 - 기타,안전운전불이행,포장 - 건조,맑음,단일로 - 기타,이륜,남,48세,상해없음,보행자,여,49세,중상
3293,2019121700100438,2019년 12월 17일 17시,화요일,충청남도 금산군 제원면,중상사고,0,1,0,0,차대사람 - 횡단중,안전운전불이행,포장 - 젖음/습기,비,교차로 - 교차로안,승용,남,44세,상해없음,보행자,남,55세,중상
3294,2019121700100439,2019년 12월 17일 17시,화요일,충청남도 천안시 동남구 신방동,중상사고,0,1,0,0,차대사람 - 횡단중,보행자보호의무위반,포장 - 건조,맑음,교차로 - 교차로안,승용,여,46세,상해없음,보행자,여,65세,중상
3295,2019121800100443,2019년 12월 18일 18시,수요일,충청남도 홍성군 홍북읍,사망사고,1,0,0,0,차대사람 - 횡단중,과속,포장 - 건조,맑음,단일로 - 기타,승용,남,29세,상해없음,보행자,남,78세,사망
3296,2019121900100465,2019년 12월 19일 17시,목요일,충청남도 예산군 예산읍,중상사고,0,1,0,0,차대사람 - 횡단중,보행자보호의무위반,포장 - 건조,맑음,교차로 - 교차로부근,승용,여,59세,상해없음,보행자,남,9세,중상
3297,2019122000100055,2019년 12월 20일 02시,금요일,충청남도 천안시 서북구 성정동,사망사고,1,0,0,0,차대사람 - 기타,안전운전불이행,포장 - 젖음/습기,눈,교차로 - 교차로안,승용,남,23세,상해없음,보행자,남,28세,사망
3298,2019122000100328,2019년 12월 20일 14시,금요일,충청남도 천안시 동남구 대흥동,경상사고,0,0,1,0,차대사람 - 기타,안전운전불이행,포장 - 건조,맑음,단일로 - 기타,승용,여,31세,상해없음,보행자,남,17세,경상
3299,2019122000100375,2019년 12월 20일 15시,금요일,충청남도 천안시 서북구 불당동,중상사고,0,1,0,0,차대사람 - 횡단중,보행자보호의무위반,포장 - 건조,맑음,교차로 - 교차로횡단보도내,승용,남,36세,상해없음,보행자,여,39세,중상
3300,2019122000100466,2019년 12월 20일 17시,금요일,충청남도 태안군 태안읍,중상사고,0,1,0,0,차대사람 - 기타,안전운전불이행,포장 - 건조,맑음,교차로 - 교차로부근,승용,남,36세,상해없음,보행자,여,51세,중상
3301,2019122000100527,2019년 12월 20일 18시,금요일,충청남도 천안시 서북구 백석동,경상사고,0,0,1,0,차대사람 - 기타,보행자보호의무위반,포장 - 건조,맑음,단일로 - 기타,승용,여,70세,상해없음,보행자,여,25세,경상
3302,2019122000100530,2019년 12월 20일 18시,금요일,충청남도 부여군 규암면,경상사고,0,0,1,0,차대사람 - 횡단중,보행자보호의무위반,포장 - 건조,맑음,단일로 - 기타,승용,남,83세,상해없음,보행자,남,78세,경상
3303,2019122100100133,2019년 12월 21일 06시,토요일,충청남도 아산시 온천동,중상사고,0,1,0,0,차대사람 - 기타,안전운전불이행,포장 - 건조,기타,기타 - 기타,화물,남,38세,상해없음,보행자,남,28세,중상
3304,2019122100100150,2019년 12월 21일 07시,토요일,충청남도 천안시 동남구 봉명동,중상사고,0,1,0,0,차대사람 - 횡단중,보행자보호의무위반,포장 - 건조,맑음,단일로 - 기타,승용,남,57세,상해없음,보행자,여,80세,중상
3305,2019122100100224,2019년 12월 21일 11시,토요일,충청남도 서산시 고북면,경상사고,0,0,1,0,차대사람 - 기타,안전운전불이행,포장 - 건조,맑음,단일로 - 기타,이륜,남,73세,경상,보행자,여,78세,상해없음
3306,2019122100100463,2019년 12월 21일 18시,토요일,충청남도 태안군 태안읍,사망사고,1,0,0,0,차대사람 - 횡단중,안전운전불이행,포장 - 건조,맑음,교차로 - 교차로안,승용,여,44세,상해없음,보행자,여,75세,사망
3307,2019122200100356,2019년 12월 22일 17시,일요일,충청남도 공주시 중동,경상사고,0,0,1,0,차대사람 - 횡단중,보행자보호의무위반,포장 - 건조,맑음,교차로 - 교차로부근,이륜,남,22세,상해없음,보행자,여,18세,경상
3308,2019122200100463,2019년 12월 22일 20시,일요일,충청남도 공주시 신관동,경상사고,0,0,1,0,차대사람 - 기타,안전운전불이행,포장 - 건조,맑음,단일로 - 기타,승용,남,32세,상해없음,보행자,남,25세,경상
3309,2019122200100484,2019년 12월 22일 21시,일요일,충청남도 천안시 동남구 신부동,경상사고,0,0,1,0,차대사람 - 길가장자리구역통행중,안전운전불이행,포장 - 건조,맑음,단일로 - 기타,승용,남,44세,상해없음,보행자,여,28세,경상
3310,2019122300100271,2019년 12월 23일 12시,월요일,충청남도 공주시 산성동,중상사고,0,1,0,0,차대사람 - 횡단중,안전운전불이행,포장 - 건조,맑음,단일로 - 기타,승용,여,35세,상해없음,보행자,남,67세,중상
3311,2019122300100450,2019년 12월 23일 17시,월요일,충청남도 아산시 신창면,부상신고사고,0,0,0,1,차대사람 - 기타,안전운전불이행,비포장 - 건조,맑음,단일로 - 기타,건설기계,남,58세,기타불명,보행자,남,85세,부상신고
3312,2019122300100500,2019년 12월 23일 18시,월요일,충청남도 천안시 서북구 성거읍,중상사고,0,1,0,0,차대사람 - 횡단중,보행자보호의무위반,포장 - 건조,맑음,교차로 - 교차로횡단보도내,승용,여,27세,상해없음,보행자,여,17세,중상
3313,2019122300100501,2019년 12월 23일 18시,월요일,충청남도 천안시 서북구 쌍용동,경상사고,0,0,1,0,차대사람 - 기타,안전운전불이행,포장 - 건조,맑음,단일로 - 기타,승용,남,24세,상해없음,보행자,여,50세,경상
3314,2019122300100506,2019년 12월 23일 18시,월요일,충청남도 당진시 신평면,부상신고사고,0,0,0,1,차대사람 - 기타,안전운전불이행,포장 - 건조,맑음,기타 - 기타,기타불명,기타불명,미분류,기타불명,보행자,여,23세,부상신고
3315,2019122300100614,2019년 12월 23일 21시,월요일,충청남도 천안시 서북구 쌍용동,경상사고,0,0,1,0,차대사람 - 기타,안전운전불이행,포장 - 건조,맑음,교차로 - 교차로부근,승용,남,60세,상해없음,보행자,남,36세,경상
3316,2019122300100642,2019년 12월 23일 22시,월요일,충청남도 천안시 서북구 쌍용동,중상사고,0,1,0,0,차대사람 - 횡단중,안전운전불이행,포장 - 건조,맑음,교차로 - 교차로횡단보도내,이륜,남,36세,상해없음,보행자,여,78세,중상
3317,2019122300100663,2019년 12월 23일 23시,월요일,충청남도 천안시 서북구 두정동,경상사고,0,0,1,0,차대사람 - 기타,안전운전불이행,포장 - 건조,맑음,단일로 - 기타,승용,여,21세,상해없음,보행자,남,32세,경상
3318,2019122400100074,2019년 12월 24일 03시,화요일,충청남도 천안시 서북구 불당동,부상신고사고,0,0,0,1,차대사람 - 기타,안전운전불이행,포장 - 건조,맑음,교차로 - 교차로부근,기타불명,기타불명,미분류,기타불명,보행자,남,50세,부상신고
3319,2019122400100547,2019년 12월 24일 18시,화요일,충청남도 공주시 웅진동,사망사고,1,0,0,0,차대사람 - 횡단중,신호위반,포장 - 건조,맑음,교차로 - 교차로횡단보도내,승용,남,54세,상해없음,보행자,여,73세,사망
3320,2019122500100115,2019년 12월 25일 09시,수요일,충청남도 당진시 고대면,경상사고,0,0,1,0,차대사람 - 차도통행중,안전운전불이행,포장 - 건조,맑음,교차로 - 교차로안,화물,남,69세,상해없음,보행자,남,52세,경상
3321,2019122500100131,2019년 12월 25일 10시,수요일,충청남도 공주시 신관동,경상사고,0,0,1,0,차대사람 - 길가장자리구역통행중,안전운전불이행,포장 - 건조,맑음,단일로 - 기타,승용,남,69세,기타불명,보행자,남,67세,경상
3322,2019122600100090,2019년 12월 26일 07시,목요일,충청남도 아산시 둔포면,중상사고,0,1,0,0,차대사람 - 횡단중,신호위반,포장 - 건조,맑음,교차로 - 교차로횡단보도내,화물,남,43세,상해없음,보행자,여,18세,중상
3323,2019122600100418,2019년 12월 26일 17시,목요일,충청남도 보령시 동대동,경상사고,0,0,1,0,차대사람 - 횡단중,보행자보호의무위반,포장 - 건조,맑음,교차로 - 교차로횡단보도내,승합,남,62세,상해없음,보행자,여,15세,경상
3324,2019122600100419,2019년 12월 26일 17시,목요일,충청남도 보령시 남포면,사망사고,1,0,0,0,차대사람 - 횡단중,안전운전불이행,포장 - 건조,맑음,교차로 - 교차로부근,승용,여,67세,상해없음,보행자,여,76세,사망
3325,2019122600100462,2019년 12월 26일 18시,목요일,충청남도 서산시 대산읍,경상사고,0,0,1,0,차대사람 - 기타,안전운전불이행,포장 - 건조,맑음,기타 - 기타,승용,남,52세,상해없음,보행자,남,51세,경상
3326,2019122600100463,2019년 12월 26일 18시,목요일,충청남도 천안시 서북구 차암동,경상사고,0,0,1,0,차대사람 - 횡단중,중앙선침범,포장 - 젖음/습기,흐림,단일로 - 기타,승용,남,35세,상해없음,보행자,남,30세,경상
3327,2019122600100464,2019년 12월 26일 18시,목요일,충청남도 계룡시 엄사면,중상사고,0,1,0,0,차대사람 - 횡단중,안전운전불이행,포장 - 건조,맑음,교차로 - 교차로안,승용,여,36세,상해없음,보행자,여,71세,중상
3328,2019122600100575,2019년 12월 26일 21시,목요일,충청남도 천안시 서북구 쌍용동,경상사고,0,0,1,0,차대사람 - 차도통행중,안전운전불이행,포장 - 젖음/습기,흐림,단일로 - 기타,승용,남,62세,상해없음,보행자,여,58세,경상
3329,2019122600100602,2019년 12월 26일 22시,목요일,충청남도 당진시 원당리,중상사고,0,1,0,0,차대사람 - 차도통행중,안전운전불이행,포장 - 건조,맑음,교차로 - 교차로안,승용,남,34세,상해없음,보행자,남,61세,중상
3330,2019122700100054,2019년 12월 27일 02시,금요일,충청남도 천안시 서북구 두정동,경상사고,0,0,1,0,차대사람 - 기타,안전운전불이행,포장 - 건조,맑음,단일로 - 기타,화물,남,32세,상해없음,보행자,남,44세,경상
3331,2019122700100141,2019년 12월 27일 08시,금요일,충청남도 논산시 강산동,중상사고,0,1,0,0,차대사람 - 횡단중,보행자보호의무위반,포장 - 건조,맑음,교차로 - 교차로횡단보도내,화물,남,63세,상해없음,보행자,남,20세,중상
3332,2019122700100168,2019년 12월 27일 09시,금요일,충청남도 천안시 서북구 백석동,중상사고,0,1,0,0,차대사람 - 횡단중,안전운전불이행,포장 - 건조,맑음,단일로 - 기타,승용,남,59세,상해없음,보행자,여,84세,중상
3333,2019122700100199,2019년 12월 27일 10시,금요일,충청남도 부여군 임천면,중상사고,0,1,0,0,차대사람 - 차도통행중,안전운전불이행,포장 - 건조,맑음,단일로 - 기타,승용,남,46세,상해없음,보행자,남,78세,중상
3334,2019122700100363,2019년 12월 27일 15시,금요일,충청남도 아산시 풍기동,중상사고,0,1,0,0,차대사람 - 횡단중,신호위반,포장 - 건조,맑음,단일로 - 기타,승용,남,65세,상해없음,보행자,여,24세,중상
3335,2019122700100435,2019년 12월 27일 17시,금요일,충청남도 천안시 서북구 업성동,중상사고,0,1,0,0,차대사람 - 횡단중,안전운전불이행,포장 - 건조,맑음,교차로 - 교차로부근,승용,남,58세,상해없음,보행자,남,36세,중상
3336,2019122800100034,2019년 12월 28일 00시,토요일,충청남도 천안시 동남구 성황동,중상사고,0,1,0,0,차대사람 - 기타,안전운전불이행,포장 - 건조,맑음,단일로 - 기타,승용,남,51세,상해없음,보행자,남,58세,중상
3337,2019122800100426,2019년 12월 28일 18시,토요일,충청남도 천안시 동남구 다가동,경상사고,0,0,1,0,차대사람 - 횡단중,보행자보호의무위반,포장 - 건조,맑음,단일로 - 기타,승용,남,81세,상해없음,보행자,여,68세,경상
3338,2019122900100088,2019년 12월 29일 06시,일요일,충청남도 서산시 갈산동,중상사고,0,1,0,0,차대사람 - 차도통행중,안전운전불이행,포장 - 젖음/습기,흐림,단일로 - 기타,승용,남,28세,상해없음,보행자,남,75세,중상
3339,2019122900100375,2019년 12월 29일 20시,일요일,충청남도 천안시 동남구 신부동,경상사고,0,0,1,0,차대사람 - 기타,안전운전불이행,포장 - 젖음/습기,비,단일로 - 기타,승용,남,57세,상해없음,보행자,여,18세,경상
3340,2019122900100418,2019년 12월 29일 21시,일요일,충청남도 천안시 서북구 쌍용동,경상사고,0,0,1,0,차대사람 - 횡단중,안전운전불이행,포장 - 젖음/습기,비,단일로 - 기타,승용,남,34세,상해없음,보행자,여,57세,경상
3341,2019122900100419,2019년 12월 29일 21시,일요일,충청남도 천안시 서북구 두정동,중상사고,0,1,0,0,차대사람 - 횡단중,신호위반,포장 - 젖음/습기,비,교차로 - 교차로횡단보도내,이륜,남,21세,상해없음,보행자,여,8세,중상
3342,2019123000100225,2019년 12월 30일 12시,월요일,충청남도 서산시 팔봉면,중상사고,0,1,0,0,차대사람 - 길가장자리구역통행중,안전운전불이행,포장 - 건조,맑음,단일로 - 기타,화물,남,73세,상해없음,보행자,남,79세,중상
3343,2019123000100256,2019년 12월 30일 13시,월요일,충청남도 서산시 운산면,중상사고,0,1,0,0,차대사람 - 기타,안전운전불이행,포장 - 건조,맑음,주차장 - 주차장,화물,남,60세,상해없음,보행자,여,77세,중상
3344,2019123000100352,2019년 12월 30일 16시,월요일,충청남도 당진시 읍내리,경상사고,0,0,1,0,차대사람 - 횡단중,보행자보호의무위반,포장 - 건조,맑음,교차로 - 교차로횡단보도내,승용,여,52세,상해없음,보행자,여,16세,경상
3345,2019123000100452,2019년 12월 30일 18시,월요일,충청남도 태안군 태안읍,중상사고,0,1,0,0,차대사람 - 횡단중,신호위반,포장 - 건조,맑음,교차로 - 교차로안,승용,남,37세,상해없음,보행자,여,24세,중상
3346,2019123100100125,2019년 12월 31일 08시,화요일,충청남도 태안군 태안읍,경상사고,0,0,1,0,차대사람 - 횡단중,교차로운행방법위반,포장 - 건조,맑음,교차로 - 교차로횡단보도내,승용,여,38세,상해없음,보행자,남,74세,경상
3347,2019123100100264,2019년 12월 31일 13시,화요일,충청남도 아산시 온천동,중상사고,0,1,0,0,차대사람 - 횡단중,보행자보호의무위반,포장 - 건조,맑음,교차로 - 교차로횡단보도내,이륜,남,33세,상해없음,보행자,여,79세,중상
3348,2019123100100374,2019년 12월 31일 16시,화요일,충청남도 천안시 서북구 두정동,중상사고,0,1,0,0,차대사람 - 기타,안전운전불이행,포장 - 건조,맑음,단일로 - 기타,승합,남,59세,상해없음,보행자,여,68세,중상
3349,2019123100100464,2019년 12월 31일 18시,화요일,충청남도 보령시 대천동,중상사고,0,1,0,0,차대사람 - 횡단중,보행자보호의무위반,포장 - 건조,맑음,단일로 - 기타,승용,남,45세,상해없음,보행자,남,78세,중상
3350,2020010100100095,2020년 1월 1일 07시,수요일,충청남도 천안시 서북구 성정동,사망사고,1,0,0,0,차대사람 - 횡단중,안전운전불이행,포장 - 젖음/습기,흐림,단일로 - 기타,승용,남,60세,상해없음,보행자,여,68세,사망
3351,2020010200100147,2020년 1월 2일 10시,목요일,충청남도 금산군 금산읍,중상사고,0,1,0,0,차대사람 - 보도통행중,보행자보호의무위반,포장 - 건조,맑음,단일로 - 기타,승용,남,73세,상해없음,보행자,여,60세,중상
3352,2020010200100228,2020년 1월 2일 13시,목요일,충청남도 서천군 서천읍,경상사고,0,0,1,0,차대사람 - 차도통행중,안전운전불이행,포장 - 건조,맑음,교차로 - 교차로안,승용,남,38세,상해없음,보행자,여,86세,경상
3353,2020010200100358,2020년 1월 2일 17시,목요일,충청남도 당진시 읍내리,중상사고,0,1,0,0,차대사람 - 횡단중,안전운전불이행,포장 - 건조,맑음,교차로 - 교차로안,승용,여,40세,상해없음,보행자,여,81세,중상
3354,2020010200100408,2020년 1월 2일 18시,목요일,충청남도 논산시 내동,중상사고,0,1,0,0,차대사람 - 횡단중,안전운전불이행,포장 - 건조,맑음,단일로 - 기타,승용,남,37세,상해없음,보행자,여,66세,중상
3355,2020010200100479,2020년 1월 2일 20시,목요일,충청남도 천안시 동남구 청수동,경상사고,0,0,1,0,차대사람 - 횡단중,보행자보호의무위반,포장 - 건조,맑음,교차로 - 교차로안,승용,남,62세,상해없음,보행자,남,47세,경상
3356,2020010300100028,2020년 1월 3일 02시,금요일,충청남도 공주시 신관동,중상사고,0,1,0,0,차대사람 - 기타,안전운전불이행,포장 - 건조,맑음,단일로 - 기타,기타불명,기타불명,미분류,기타불명,보행자,남,30세,중상
3357,2020010300100053,2020년 1월 3일 06시,금요일,충청남도 당진시 읍내리,부상신고사고,0,0,0,1,차대사람 - 횡단중,보행자보호의무위반,포장 - 건조,맑음,단일로 - 기타,승용,여,69세,상해없음,보행자,남,60세,부상신고
3358,2020010300100128,2020년 1월 3일 09시,금요일,충청남도 부여군 부여읍,중상사고,0,1,0,0,차대사람 - 기타,안전운전불이행,포장 - 건조,맑음,단일로 - 기타,승용,여,47세,상해없음,보행자,여,84세,중상
3359,2020010300100176,2020년 1월 3일 11시,금요일,충청남도 천안시 서북구 쌍용동,경상사고,0,0,1,0,차대사람 - 횡단중,안전운전불이행,포장 - 건조,맑음,교차로 - 교차로안,승용,남,44세,상해없음,보행자,남,83세,경상
3360,2020010300100599,2020년 1월 3일 23시,금요일,충청남도 천안시 서북구 두정동,경상사고,0,0,1,0,차대사람 - 기타,안전운전불이행,포장 - 건조,맑음,단일로 - 기타,승용,남,19세,상해없음,보행자,여,26세,경상
3361,2020010400100095,2020년 1월 4일 07시,토요일,충청남도 천안시 서북구 두정동,경상사고,0,0,1,0,차대사람 - 기타,안전운전불이행,포장 - 건조,맑음,교차로 - 교차로안,화물,남,75세,상해없음,보행자,남,23세,경상
3362,2020010400100260,2020년 1월 4일 14시,토요일,충청남도 아산시 온천동,경상사고,0,0,1,0,차대사람 - 기타,안전운전불이행,포장 - 건조,맑음,교차로 - 교차로부근,승용,남,86세,상해없음,보행자,여,68세,경상
3363,2020010400100325,2020년 1월 4일 16시,토요일,충청남도 당진시 신평면,중상사고,0,1,0,0,차대사람 - 길가장자리구역통행중,안전운전불이행,포장 - 건조,맑음,단일로 - 기타,이륜,남,41세,상해없음,보행자,여,85세,중상
3364,2020010400100395,2020년 1월 4일 18시,토요일,충청남도 논산시 강경읍,중상사고,0,1,0,0,차대사람 - 기타,안전운전불이행,포장 - 건조,맑음,단일로 - 기타,승용,여,25세,상해없음,보행자,남,72세,중상
3365,2020010400100396,2020년 1월 4일 18시,토요일,충청남도 천안시 동남구 다가동,경상사고,0,0,1,0,차대사람 - 횡단중,보행자보호의무위반,포장 - 건조,맑음,교차로 - 교차로부근,승용,남,24세,상해없음,보행자,남,46세,경상
3366,2020010400100524,2020년 1월 4일 23시,토요일,충청남도 천안시 동남구 다가동,중상사고,0,1,0,0,차대사람 - 횡단중,안전운전불이행,포장 - 건조,맑음,단일로 - 기타,승용,남,27세,상해없음,보행자,남,62세,중상
3367,2020010500100074,2020년 1월 5일 07시,일요일,충청남도 천안시 동남구 동면,중상사고,0,1,0,0,차대사람 - 횡단중,안전운전불이행,포장 - 건조,맑음,단일로 - 기타,승용,남,33세,상해없음,보행자,여,74세,중상
3368,2020010500100102,2020년 1월 5일 09시,일요일,충청남도 당진시 수청리,중상사고,0,1,0,0,차대사람 - 기타,안전운전불이행,포장 - 건조,맑음,교차로 - 교차로횡단보도내,승합,남,50세,상해없음,보행자,여,84세,중상
3369,2020010600100037,2020년 1월 6일 06시,월요일,충청남도 천안시 서북구 직산읍,중상사고,0,1,0,0,차대사람 - 기타,안전운전불이행,포장 - 젖음/습기,흐림,단일로 - 기타,기타불명,기타불명,미분류,기타불명,보행자,남,71세,중상
3370,2020010600100180,2020년 1월 6일 11시,월요일,충청남도 보령시 대천동,중상사고,0,1,0,0,차대사람 - 횡단중,안전운전불이행,포장 - 건조,맑음,기타 - 기타,이륜,남,75세,상해없음,보행자,여,81세,중상
3371,2020010600100242,2020년 1월 6일 13시,월요일,충청남도 아산시 모종동,중상사고,0,1,0,0,차대사람 - 차도통행중,안전운전불이행,포장 - 건조,맑음,교차로 - 교차로안,승용,남,60세,상해없음,보행자,여,24세,중상
3372,2020010600100307,2020년 1월 6일 15시,월요일,충청남도 논산시 강경읍,경상사고,0,0,1,0,차대사람 - 횡단중,보행자보호의무위반,포장 - 젖음/습기,비,단일로 - 기타,승합,여,47세,상해없음,보행자,남,8세,경상