,사고번호,사고일시,요일,시군구,사고내용,사망자수,중상자수,경상자수,부상신고자수,사고유형,법규위반,노면상태,기상상태,도로형태,가해운전자 차종,가해운전자 성별,가해운전자 연령,가해운전자 상해정도,피해운전자 차종,피해운전자 성별,피해운전자 연령,피해운전자 상해정도
3823,2020051100100156,2020년 5월 11일 09시,월요일,충청남도 보령시 대천동,경상사고,0,0,1,0,차대사람 - 기타,안전운전불이행,포장 - 건조,맑음,단일로 - 기타,승용,남,56세,상해없음,보행자,여,76세,경상
3824,2020051100100353,2020년 5월 11일 14시,월요일,충청남도 부여군 부여읍,중상사고,0,1,0,0,차대사람 - 기타,안전운전불이행,포장 - 건조,맑음,단일로 - 기타,승용,여,66세,상해없음,보행자,여,89세,중상
3825,2020051200100275,2020년 5월 12일 13시,화요일,충청남도 아산시 법곡동,중상사고,0,1,0,0,차대사람 - 횡단중,안전운전불이행,포장 - 건조,맑음,단일로 - 기타,승용,남,50세,상해없음,보행자,여,85세,중상
3826,2020051200100470,2020년 5월 12일 18시,화요일,충청남도 서산시 동문동,중상사고,0,1,0,0,차대사람 - 차도통행중,안전운전불이행,포장 - 건조,맑음,단일로 - 기타,승용,여,54세,상해없음,보행자,여,61세,중상
3827,2020051300100226,2020년 5월 13일 11시,수요일,충청남도 보령시 대천동,경상사고,0,0,1,0,차대사람 - 기타,안전운전불이행,포장 - 건조,맑음,기타 - 기타,승용,여,38세,상해없음,보행자,남,47세,경상
3828,2020051300100366,2020년 5월 13일 15시,수요일,충청남도 아산시 음봉면,중상사고,0,1,0,0,차대사람 - 기타,안전운전불이행,포장 - 건조,맑음,교차로 - 교차로부근,승용,여,51세,상해없음,보행자,남,96세,중상
3829,2020051400100123,2020년 5월 14일 09시,목요일,충청남도 당진시 송악읍,중상사고,0,1,0,0,차대사람 - 차도통행중,안전운전불이행,포장 - 건조,맑음,단일로 - 기타,승용,여,43세,상해없음,보행자,여,83세,중상
3830,2020051400100152,2020년 5월 14일 10시,목요일,충청남도 서산시 동문동,경상사고,0,0,1,0,차대사람 - 차도통행중,안전운전불이행,포장 - 건조,맑음,단일로 - 기타,승용,남,73세,상해없음,보행자,여,56세,경상
3831,2020051400100193,2020년 5월 14일 11시,목요일,충청남도 당진시 합덕읍,경상사고,0,0,1,0,차대사람 - 차도통행중,안전운전불이행,포장 - 건조,맑음,단일로 - 기타,승용,남,43세,상해없음,보행자,여,80세,경상
3832,2020051400100569,2020년 5월 14일 21시,목요일,충청남도 당진시 읍내리,경상사고,0,0,1,0,차대사람 - 차도통행중,안전운전불이행,포장 - 건조,맑음,교차로 - 교차로안,승용,남,26세,상해없음,보행자,남,38세,경상
3833,2020051500100171,2020년 5월 15일 10시,금요일,충청남도 아산시 모종동,경상사고,0,0,1,0,차대사람 - 횡단중,보행자보호의무위반,포장 - 젖음/습기,비,교차로 - 교차로안,승용,남,47세,상해없음,보행자,남,56세,경상
3834,2020051500100415,2020년 5월 15일 17시,금요일,충청남도 천안시 서북구 성정동,경상사고,0,0,1,0,차대사람 - 기타,안전운전불이행,포장 - 젖음/습기,비,단일로 - 기타,승용,여,56세,상해없음,보행자,여,48세,경상
3835,2020051500100670,2020년 5월 15일 23시,금요일,충청남도 천안시 서북구 백석동,중상사고,0,1,0,0,차대사람 - 횡단중,안전운전불이행,포장 - 건조,맑음,단일로 - 기타,승용,남,63세,상해없음,보행자,남,26세,중상
3836,2020051500100671,2020년 5월 15일 23시,금요일,충청남도 보령시 대천동,중상사고,0,1,0,0,차대사람 - 횡단중,보행자보호의무위반,포장 - 젖음/습기,흐림,교차로 - 교차로횡단보도내,승용,남,61세,상해없음,보행자,남,32세,중상
3837,2020051600100067,2020년 5월 16일 04시,토요일,충청남도 천안시 서북구 두정동,경상사고,0,0,1,0,차대사람 - 횡단중,안전운전불이행,포장 - 건조,맑음,단일로 - 기타,승용,남,37세,상해없음,보행자,남,36세,경상
3838,2020051600100281,2020년 5월 16일 14시,토요일,충청남도 부여군 부여읍,중상사고,0,1,0,0,차대사람 - 횡단중,안전운전불이행,포장 - 건조,맑음,교차로 - 교차로부근,승용,남,36세,상해없음,보행자,남,67세,중상
3839,2020051600100315,2020년 5월 16일 15시,토요일,충청남도 홍성군 홍성읍,경상사고,0,0,1,0,차대사람 - 차도통행중,안전운전불이행,포장 - 건조,맑음,단일로 - 기타,승용,여,23세,상해없음,보행자,여,86세,경상
3840,2020051600100438,2020년 5월 16일 19시,토요일,충청남도 공주시 신관동,중상사고,0,1,0,0,차대사람 - 횡단중,보행자보호의무위반,포장 - 건조,맑음,교차로 - 교차로횡단보도내,승합,남,68세,상해없음,보행자,여,11세,중상
3841,2020051600100517,2020년 5월 16일 22시,토요일,충청남도 공주시 신관동,경상사고,0,0,1,0,차대사람 - 횡단중,안전운전불이행,포장 - 건조,맑음,교차로 - 교차로안,화물,남,54세,상해없음,보행자,남,35세,경상
3842,2020051600100539,2020년 5월 16일 23시,토요일,충청남도 천안시 서북구 쌍용동,중상사고,0,1,0,0,차대사람 - 차도통행중,안전운전불이행,포장 - 건조,흐림,단일로 - 기타,승용,남,34세,상해없음,보행자,남,38세,중상
3843,2020051700100057,2020년 5월 17일 04시,일요일,충청남도 천안시 동남구 구성동,중상사고,0,1,0,0,차대사람 - 횡단중,안전운전불이행,포장 - 건조,맑음,교차로 - 교차로안,승합,남,64세,상해없음,보행자,남,52세,중상
3844,2020051700100223,2020년 5월 17일 14시,일요일,충청남도 서천군 서천읍,중상사고,0,1,0,0,차대사람 - 횡단중,보행자보호의무위반,포장 - 건조,맑음,교차로 - 교차로횡단보도내,승합,남,65세,상해없음,보행자,여,56세,중상
3845,2020051700100351,2020년 5월 17일 18시,일요일,충청남도 논산시 내동,중상사고,0,1,0,0,차대사람 - 횡단중,보행자보호의무위반,포장 - 건조,맑음,교차로 - 교차로안,승용,남,55세,상해없음,보행자,남,8세,중상
3846,2020051700100352,2020년 5월 17일 18시,일요일,충청남도 천안시 동남구 수신면,중상사고,0,1,0,0,차대사람 - 기타,직진우회전진행방해,포장 - 건조,맑음,교차로 - 교차로안,화물,남,71세,상해없음,보행자,남,7세,중상
3847,2020051800100176,2020년 5월 18일 11시,월요일,충청남도 천안시 서북구 쌍용동,중상사고,0,1,0,0,차대사람 - 횡단중,안전운전불이행,포장 - 건조,맑음,단일로 - 고가도로위,승용,남,35세,상해없음,보행자,남,40세,중상
3848,2020051800100298,2020년 5월 18일 14시,월요일,충청남도 서천군 서면,중상사고,0,1,0,0,차대사람 - 기타,안전운전불이행,포장 - 건조,흐림,단일로 - 기타,이륜,남,44세,상해없음,보행자,여,63세,중상
3849,2020051800100299,2020년 5월 18일 14시,월요일,충청남도 예산군 덕산면,경상사고,0,0,1,0,차대사람 - 기타,보행자보호의무위반,포장 - 건조,맑음,단일로 - 기타,승용,여,53세,상해없음,보행자,남,10세,경상
3850,2020051800100394,2020년 5월 18일 16시,월요일,충청남도 논산시 가야곡면,중상사고,0,1,0,0,차대사람 - 횡단중,안전운전불이행,포장 - 건조,맑음,교차로 - 교차로부근,화물,남,54세,상해없음,보행자,남,6세,중상
3851,2020051800100483,2020년 5월 18일 18시,월요일,충청남도 천안시 서북구 쌍용동,경상사고,0,0,1,0,차대사람 - 횡단중,신호위반,포장 - 건조,흐림,교차로 - 교차로횡단보도내,승용,남,61세,상해없음,보행자,남,42세,경상
3852,2020051800100521,2020년 5월 18일 19시,월요일,충청남도 천안시 동남구 신부동,중상사고,0,1,0,0,차대사람 - 기타,안전운전불이행,포장 - 건조,맑음,기타 - 기타,승합,남,44세,상해없음,보행자,여,76세,중상
3853,2020051900100060,2020년 5월 19일 07시,화요일,충청남도 천안시 동남구 원성동,중상사고,0,1,0,0,차대사람 - 횡단중,보행자보호의무위반,포장 - 건조,맑음,교차로 - 교차로안,승용,남,29세,상해없음,보행자,여,73세,중상
3854,2020051900100166,2020년 5월 19일 11시,화요일,충청남도 계룡시 엄사면,경상사고,0,0,1,0,차대사람 - 횡단중,안전운전불이행,포장 - 젖음/습기,비,교차로 - 교차로부근,화물,남,28세,상해없음,보행자,남,50세,경상
3855,2020051900100167,2020년 5월 19일 11시,화요일,충청남도 공주시 산성동,중상사고,0,1,0,0,차대사람 - 횡단중,안전운전불이행,포장 - 젖음/습기,비,단일로 - 기타,승용,남,72세,상해없음,보행자,여,77세,중상
3856,2020051900100201,2020년 5월 19일 12시,화요일,충청남도 당진시 시곡리,중상사고,0,1,0,0,차대사람 - 길가장자리구역통행중,안전운전불이행,포장 - 건조,맑음,교차로 - 교차로안,화물,남,52세,상해없음,보행자,여,82세,중상
3857,2020051900100514,2020년 5월 19일 21시,화요일,충청남도 서산시 예천동,경상사고,0,0,1,0,차대사람 - 횡단중,보행자보호의무위반,포장 - 젖음/습기,흐림,교차로 - 교차로부근,이륜,남,47세,상해없음,보행자,남,35세,경상
3858,2020052000100031,2020년 5월 20일 02시,수요일,충청남도 천안시 서북구 불당동,중상사고,0,1,0,0,차대사람 - 횡단중,안전운전불이행,포장 - 건조,맑음,단일로 - 기타,승용,남,37세,상해없음,보행자,여,16세,중상
3859,2020052000100049,2020년 5월 20일 04시,수요일,충청남도 천안시 서북구 성환읍,사망사고,1,0,0,0,차대사람 - 기타,안전운전불이행,포장 - 건조,맑음,단일로 - 기타,화물,남,67세,상해없음,보행자,남,51세,사망
3860,2020052000100115,2020년 5월 20일 08시,수요일,충청남도 천안시 서북구 부대동,경상사고,0,0,1,0,차대사람 - 차도통행중,안전운전불이행,포장 - 건조,맑음,단일로 - 기타,이륜,남,29세,상해없음,보행자,여,17세,경상
3861,2020052000100116,2020년 5월 20일 08시,수요일,충청남도 보령시 궁촌동,경상사고,0,0,1,0,차대사람 - 기타,안전운전불이행,포장 - 건조,맑음,기타 - 기타,기타불명,기타불명,미분류,기타불명,보행자,남,58세,경상
3862,2020052000100434,2020년 5월 20일 16시,수요일,충청남도 아산시 배방읍,경상사고,0,0,1,0,차대사람 - 차도통행중,안전운전불이행,포장 - 건조,맑음,단일로 - 기타,화물,남,50세,상해없음,보행자,여,74세,경상
3863,2020052000100610,2020년 5월 20일 20시,수요일,충청남도 예산군 덕산면,중상사고,0,1,0,0,차대사람 - 차도통행중,안전운전불이행,포장 - 건조,맑음,단일로 - 기타,화물,남,69세,상해없음,보행자,남,68세,중상
3864,2020052100100067,2020년 5월 21일 07시,목요일,충청남도 보령시 미산면,중상사고,0,1,0,0,차대사람 - 기타,안전운전불이행,포장 - 건조,맑음,단일로 - 기타,화물,남,66세,상해없음,보행자,남,35세,중상
3865,2020052100100207,2020년 5월 21일 11시,목요일,충청남도 천안시 서북구 성정동,중상사고,0,1,0,0,차대사람 - 기타,안전운전불이행,포장 - 건조,맑음,단일로 - 기타,화물,남,29세,상해없음,보행자,여,85세,중상
3866,2020052100100562,2020년 5월 21일 20시,목요일,충청남도 천안시 서북구 백석동,중상사고,0,1,0,0,차대사람 - 기타,안전운전불이행,포장 - 건조,맑음,단일로 - 기타,승용,남,27세,상해없음,보행자,남,37세,중상
3867,2020052100100588,2020년 5월 21일 21시,목요일,충청남도 보령시 대천동,중상사고,0,1,0,0,차대사람 - 기타,안전운전불이행,포장 - 건조,맑음,단일로 - 기타,승용,남,40세,상해없음,보행자,남,61세,중상
3868,2020052200100508,2020년 5월 22일 18시,금요일,충청남도 천안시 서북구 입장면,경상사고,0,0,1,0,차대사람 - 길가장자리구역통행중,안전운전불이행,포장 - 건조,맑음,단일로 - 기타,승용,남,20세,상해없음,보행자,남,37세,경상
3869,2020052300100327,2020년 5월 23일 14시,토요일,충청남도 천안시 동남구 신부동,경상사고,0,0,1,0,차대사람 - 횡단중,신호위반,포장 - 건조,맑음,교차로 - 교차로횡단보도내,이륜,남,50세,기타불명,보행자,여,64세,경상
3870,2020052300100361,2020년 5월 23일 15시,토요일,충청남도 예산군 예산읍,경상사고,0,0,1,0,차대사람 - 차도통행중,안전운전불이행,포장 - 건조,맑음,단일로 - 기타,승용,남,47세,상해없음,보행자,여,70세,경상
3871,2020052300100442,2020년 5월 23일 17시,토요일,충청남도 보령시 남포면,중상사고,0,1,0,0,차대사람 - 횡단중,안전운전불이행,포장 - 건조,맑음,단일로 - 기타,승용,여,26세,상해없음,보행자,여,84세,중상
3872,2020052300100609,2020년 5월 23일 23시,토요일,충청남도 당진시 송산면,사망사고,1,0,0,0,차대사람 - 차도통행중,안전운전불이행,포장 - 건조,맑음,단일로 - 기타,승합,남,69세,상해없음,보행자,남,60세,사망
3873,2020052400100324,2020년 5월 24일 17시,일요일,충청남도 당진시 신평면,경상사고,0,0,1,0,차대사람 - 차도통행중,안전운전불이행,포장 - 건조,맑음,단일로 - 기타,승용,여,49세,상해없음,보행자,남,20세,경상
3874,2020052500100134,2020년 5월 25일 09시,월요일,충청남도 천안시 동남구 원성동,경상사고,0,0,1,0,차대사람 - 기타,안전운전불이행,포장 - 건조,맑음,단일로 - 기타,승용,남,82세,상해없음,보행자,남,63세,경상
3875,2020052500100162,2020년 5월 25일 10시,월요일,충청남도 보령시 명천동,경상사고,0,0,1,0,차대사람 - 기타,안전운전불이행,포장 - 건조,맑음,기타 - 기타,승용,여,68세,상해없음,보행자,여,59세,경상
3876,2020052500100262,2020년 5월 25일 13시,월요일,충청남도 서산시 해미면,경상사고,0,0,1,0,차대사람 - 횡단중,보행자보호의무위반,포장 - 건조,맑음,교차로 - 교차로부근,승용,남,48세,상해없음,보행자,남,4세,경상
3877,2020052500100375,2020년 5월 25일 16시,월요일,충청남도 천안시 서북구 성정동,경상사고,0,0,1,0,차대사람 - 차도통행중,안전운전불이행,포장 - 건조,맑음,단일로 - 기타,승용,남,59세,상해없음,보행자,남,33세,경상
3878,2020052600100139,2020년 5월 26일 09시,화요일,충청남도 보령시 궁촌동,중상사고,0,1,0,0,차대사람 - 기타,안전운전불이행,포장 - 건조,맑음,단일로 - 기타,건설기계,남,60세,상해없음,보행자,여,80세,중상
3879,2020052600100236,2020년 5월 26일 12시,화요일,충청남도 예산군 신양면,중상사고,0,1,0,0,차대사람 - 기타,기타,포장 - 건조,맑음,단일로 - 기타,승합,남,65세,상해없음,보행자,여,80세,중상
3880,2020052600100276,2020년 5월 26일 13시,화요일,충청남도 천안시 동남구 원성동,경상사고,0,0,1,0,차대사람 - 기타,보행자보호의무위반,포장 - 건조,맑음,단일로 - 기타,승용,여,41세,상해없음,보행자,남,63세,경상
3881,2020052600100307,2020년 5월 26일 14시,화요일,충청남도 공주시 산성동,경상사고,0,0,1,0,차대사람 - 횡단중,안전운전불이행,포장 - 건조,맑음,단일로 - 기타,화물,남,59세,상해없음,보행자,여,67세,경상
3882,2020052600100414,2020년 5월 26일 17시,화요일,충청남도 논산시 취암동,경상사고,0,0,1,0,차대사람 - 차도통행중,안전운전불이행,포장 - 건조,맑음,단일로 - 기타,승용,남,63세,상해없음,보행자,남,2세,경상
3883,2020052600100454,2020년 5월 26일 18시,화요일,충청남도 당진시 읍내리,경상사고,0,0,1,0,차대사람 - 기타,안전운전불이행,포장 - 건조,맑음,단일로 - 기타,이륜,남,44세,상해없음,보행자,남,11세,경상
3884,2020052600100518,2020년 5월 26일 20시,화요일,충청남도 공주시 사곡면,중상사고,0,1,1,0,차대사람 - 길가장자리구역통행중,안전운전불이행,포장 - 건조,맑음,단일로 - 기타,이륜,남,66세,경상,보행자,남,59세,중상
3885,2020052600100570,2020년 5월 26일 22시,화요일,충청남도 천안시 서북구 성정동,중상사고,0,1,0,0,차대사람 - 횡단중,안전운전불이행,포장 - 건조,맑음,단일로 - 기타,이륜,남,31세,상해없음,보행자,여,60세,중상
3886,2020052600100571,2020년 5월 26일 22시,화요일,충청남도 천안시 동남구 삼룡동,중상사고,0,1,0,0,차대사람 - 횡단중,보행자보호의무위반,포장 - 건조,맑음,교차로 - 교차로횡단보도내,승용,남,27세,상해없음,보행자,남,53세,중상
3887,2020052700100107,2020년 5월 27일 08시,수요일,충청남도 금산군 금산읍,중상사고,0,1,0,0,차대사람 - 횡단중,안전운전불이행,포장 - 건조,맑음,단일로 - 기타,화물,남,55세,상해없음,보행자,여,66세,중상
3888,2020052700100328,2020년 5월 27일 14시,수요일,충청남도 천안시 서북구 쌍용동,경상사고,0,0,1,0,차대사람 - 기타,안전운전불이행,포장 - 건조,맑음,교차로 - 교차로안,승용,남,53세,상해없음,보행자,여,75세,경상
3889,2020052700100330,2020년 5월 27일 14시,수요일,충청남도 천안시 동남구 신부동,경상사고,0,0,2,0,차대사람 - 횡단중,안전운전불이행,포장 - 건조,맑음,교차로 - 교차로횡단보도내,화물,남,48세,상해없음,보행자,여,39세,경상
3890,2020052700100638,2020년 5월 27일 21시,수요일,충청남도 계룡시 엄사면,중상사고,0,1,0,0,차대사람 - 차도통행중,중앙선침범,포장 - 건조,맑음,교차로 - 교차로부근,승용,여,52세,상해없음,보행자,남,54세,중상
3891,2020052800100003,2020년 5월 28일 00시,목요일,충청남도 천안시 동남구 구성동,중상사고,0,1,1,0,차대사람 - 횡단중,안전운전불이행,포장 - 건조,맑음,단일로 - 기타,승용,남,29세,경상,보행자,여,35세,중상
3892,2020052800100078,2020년 5월 28일 07시,목요일,충청남도 서산시 성연면,중상사고,0,2,0,0,차대사람 - 기타,기타,포장 - 건조,맑음,단일로 - 기타,화물,남,49세,중상,보행자,남,27세,중상
3893,2020052800100148,2020년 5월 28일 09시,목요일,충청남도 천안시 동남구 청당동,경상사고,0,0,1,0,차대사람 - 기타,안전운전불이행,포장 - 건조,맑음,단일로 - 기타,승용,여,45세,상해없음,보행자,남,51세,경상
3894,2020052800100251,2020년 5월 28일 12시,목요일,충청남도 홍성군 장곡면,중상사고,0,1,0,0,차대사람 - 기타,안전운전불이행,포장 - 건조,맑음,단일로 - 기타,기타불명,기타불명,미분류,기타불명,보행자,여,84세,중상
3895,2020052800100371,2020년 5월 28일 15시,목요일,충청남도 천안시 동남구 봉명동,부상신고사고,0,0,0,1,차대사람 - 기타,안전운전불이행,포장 - 건조,맑음,기타 - 기타,화물,남,31세,기타불명,보행자,여,4세,부상신고
3896,2020052800100511,2020년 5월 28일 19시,목요일,충청남도 논산시 연무읍,사망사고,1,0,0,0,차대사람 - 차도통행중,안전운전불이행,포장 - 건조,맑음,단일로 - 기타,승용,남,28세,상해없음,보행자,여,77세,사망
3897,2020052800100574,2020년 5월 28일 21시,목요일,충청남도 천안시 서북구 성거읍,경상사고,0,0,2,0,차대사람 - 기타,안전운전불이행,포장 - 건조,맑음,교차로 - 교차로안,화물,남,37세,상해없음,보행자,남,41세,경상
3898,2020052900100286,2020년 5월 29일 12시,금요일,충청남도 서산시 읍내동,중상사고,0,1,1,0,차대사람 - 보도통행중,보행자보호의무위반,포장 - 건조,맑음,교차로 - 교차로횡단보도내,승용,여,30세,상해없음,보행자,여,74세,중상
3899,2020052900100317,2020년 5월 29일 13시,금요일,충청남도 천안시 동남구 청수동,중상사고,0,1,0,0,차대사람 - 횡단중,보행자보호의무위반,포장 - 건조,맑음,단일로 - 기타,승용,여,48세,상해없음,보행자,남,59세,중상
3900,2020052900100354,2020년 5월 29일 14시,금요일,충청남도 천안시 동남구 신방동,부상신고사고,0,0,0,1,차대사람 - 횡단중,안전운전불이행,포장 - 건조,맑음,교차로 - 교차로횡단보도내,승용,남,49세,상해없음,보행자,남,25세,부상신고
3901,2020052900100390,2020년 5월 29일 15시,금요일,충청남도 천안시 동남구 영성동,사망사고,1,0,0,0,차대사람 - 횡단중,안전운전불이행,포장 - 건조,맑음,교차로 - 교차로부근,건설기계,남,61세,상해없음,보행자,여,86세,사망
3902,2020052900100493,2020년 5월 29일 17시,금요일,충청남도 보령시 성주면,경상사고,0,0,1,0,차대사람 - 기타,안전운전불이행,포장 - 건조,맑음,단일로 - 기타,화물,남,59세,상해없음,보행자,남,6세,경상
3903,2020052900100591,2020년 5월 29일 19시,금요일,충청남도 아산시 실옥동,경상사고,0,0,1,0,차대사람 - 기타,신호위반,포장 - 건조,맑음,교차로 - 교차로부근,이륜,남,47세,상해없음,보행자,남,18세,경상
3904,2020053000100323,2020년 5월 30일 13시,토요일,충청남도 천안시 동남구 신방동,중상사고,0,1,0,0,차대사람 - 차도통행중,안전운전불이행,포장 - 건조,맑음,단일로 - 기타,승용,여,34세,상해없음,보행자,여,77세,중상
3905,2020053000100485,2020년 5월 30일 17시,토요일,충청남도 천안시 동남구 봉명동,경상사고,0,0,1,0,차대사람 - 횡단중,안전운전불이행,포장 - 건조,맑음,교차로 - 교차로부근,승용,남,32세,상해없음,보행자,남,57세,경상
3906,2020053000100523,2020년 5월 30일 18시,토요일,충청남도 부여군 부여읍,경상사고,0,0,1,0,차대사람 - 기타,안전운전불이행,포장 - 건조,맑음,교차로 - 교차로안,승용,남,42세,상해없음,보행자,여,27세,경상
3907,2020053000100630,2020년 5월 30일 22시,토요일,충청남도 보령시 신흑동,중상사고,0,1,1,0,차대사람 - 기타,안전운전불이행,포장 - 건조,맑음,단일로 - 기타,승용,남,31세,기타불명,보행자,남,32세,중상
3908,2020053100100140,2020년 5월 31일 11시,일요일,충청남도 아산시 온천동,경상사고,0,0,1,0,차대사람 - 보도통행중,안전운전불이행,포장 - 건조,맑음,단일로 - 기타,화물,남,53세,상해없음,보행자,남,63세,경상
3909,2020053100100299,2020년 5월 31일 16시,일요일,충청남도 금산군 남일면,사망사고,1,0,0,0,차대사람 - 기타,안전운전불이행,포장 - 건조,맑음,단일로 - 기타,승합,남,60세,상해없음,보행자,여,58세,사망
3910,2020053100100364,2020년 5월 31일 18시,일요일,충청남도 천안시 서북구 두정동,경상사고,0,0,1,0,차대사람 - 기타,안전운전불이행,포장 - 건조,맑음,단일로 - 기타,승용,남,25세,상해없음,보행자,남,16세,경상
3911,2020060100100138,2020년 6월 1일 09시,월요일,충청남도 천안시 동남구 사직동,경상사고,0,0,1,0,차대사람 - 기타,안전운전불이행,포장 - 건조,맑음,교차로 - 교차로안,기타불명,기타불명,미분류,기타불명,보행자,여,77세,경상
3912,2020060100100303,2020년 6월 1일 13시,월요일,충청남도 태안군 소원면,중상사고,0,1,0,0,차대사람 - 기타,안전운전불이행,포장 - 건조,맑음,교차로 - 교차로부근,승용,남,55세,상해없음,보행자,여,80세,중상
3913,2020060100100502,2020년 6월 1일 17시,월요일,충청남도 서산시 동문동,중상사고,0,1,0,0,차대사람 - 횡단중,안전운전불이행,포장 - 건조,맑음,단일로 - 기타,사륜오토바이(ATV),남,73세,상해없음,보행자,여,62세,중상
3914,2020060100100503,2020년 6월 1일 17시,월요일,충청남도 천안시 동남구 청당동,경상사고,0,0,1,0,차대사람 - 기타,안전운전불이행,포장 - 건조,맑음,단일로 - 기타,승용,남,31세,상해없음,보행자,여,40세,경상
3915,2020060100100504,2020년 6월 1일 17시,월요일,충청남도 천안시 동남구 문화동,중상사고,0,1,0,0,차대사람 - 횡단중,안전운전불이행,포장 - 건조,맑음,단일로 - 기타,이륜,남,22세,상해없음,보행자,여,57세,중상
3916,2020060100100625,2020년 6월 1일 19시,월요일,충청남도 천안시 서북구 성정동,경상사고,0,0,1,0,차대사람 - 기타,안전운전불이행,포장 - 건조,맑음,기타 - 기타,승용,남,30세,상해없음,보행자,여,55세,경상
3917,2020060100100626,2020년 6월 1일 19시,월요일,충청남도 당진시 읍내리,경상사고,0,0,1,0,차대사람 - 횡단중,보행자보호의무위반,포장 - 건조,맑음,교차로 - 교차로부근,승용,남,34세,상해없음,보행자,남,9세,경상
3918,2020060100100700,2020년 6월 1일 22시,월요일,충청남도 아산시 온천동,경상사고,0,0,1,0,차대사람 - 기타,안전운전불이행,포장 - 건조,맑음,교차로 - 교차로안,승용,남,47세,상해없음,보행자,남,61세,경상
3919,2020060100100730,2020년 6월 1일 23시,월요일,충청남도 아산시 배방읍,중상사고,0,1,0,0,차대사람 - 횡단중,안전운전불이행,포장 - 건조,맑음,교차로 - 교차로안,승용,여,45세,상해없음,보행자,남,44세,중상
3920,2020060200100255,2020년 6월 2일 12시,화요일,충청남도 아산시 방축동,경상사고,0,0,1,0,차대사람 - 기타,안전운전불이행,포장 - 젖음/습기,비,기타 - 기타,승용,여,57세,상해없음,보행자,남,38세,경상
3921,2020060300100029,2020년 6월 3일 02시,수요일,충청남도 천안시 서북구 쌍용동,경상사고,0,0,1,0,차대사람 - 차도통행중,기타,포장 - 젖음/습기,흐림,단일로 - 기타,승용,여,36세,상해없음,보행자,남,20세,경상
3922,2020060300100052,2020년 6월 3일 06시,수요일,충청남도 천안시 서북구 두정동,경상사고,0,0,1,0,차대사람 - 기타,안전운전불이행,포장 - 젖음/습기,비,단일로 - 기타,승합,남,54세,상해없음,보행자,남,25세,경상
3923,2020060300100093,2020년 6월 3일 08시,수요일,충청남도 서산시 팔봉면,중상사고,0,1,0,0,차대사람 - 횡단중,안전운전불이행,포장 - 젖음/습기,비,교차로 - 교차로안,화물,여,67세,상해없음,보행자,여,66세,중상
3924,2020060300100249,2020년 6월 3일 13시,수요일,충청남도 천안시 서북구 쌍용동,부상신고사고,0,0,0,1,차대사람 - 기타,안전운전불이행,포장 - 건조,맑음,단일로 - 기타,화물,남,37세,상해없음,보행자,남,35세,부상신고
3925,2020060300100331,2020년 6월 3일 15시,수요일,충청남도 논산시 광석면,중상사고,0,1,0,0,차대사람 - 차도통행중,중앙선침범,포장 - 건조,맑음,단일로 - 기타,승용,남,65세,상해없음,보행자,남,65세,중상
3926,2020060300100417,2020년 6월 3일 17시,수요일,충청남도 천안시 동남구 구성동,중상사고,0,1,0,0,차대사람 - 횡단중,보행자보호의무위반,포장 - 건조,맑음,단일로 - 기타,이륜,남,25세,상해없음,보행자,여,57세,중상
3927,2020060300100577,2020년 6월 3일 21시,수요일,충청남도 천안시 동남구 신방동,중상사고,0,1,0,0,차대사람 - 횡단중,안전운전불이행,포장 - 건조,맑음,교차로 - 교차로안,승용,여,27세,상해없음,보행자,여,53세,중상
3928,2020060400100185,2020년 6월 4일 11시,목요일,충청남도 부여군 부여읍,중상사고,0,1,0,0,차대사람 - 기타,안전운전불이행,포장 - 건조,맑음,교차로 - 교차로안,승용,남,36세,상해없음,보행자,남,32세,중상
3929,2020060400100439,2020년 6월 4일 17시,목요일,충청남도 당진시 채운동,경상사고,0,0,1,0,차대사람 - 기타,안전거리미확보,포장 - 건조,맑음,기타 - 기타,자전거,남,40세,상해없음,보행자,남,4세,경상
3930,2020060500100212,2020년 6월 5일 11시,금요일,충청남도 예산군 예산읍,경상사고,0,0,3,0,차대사람 - 기타,안전운전불이행,포장 - 건조,맑음,교차로 - 교차로안,승용,남,79세,상해없음,보행자,여,42세,경상
3931,2020060500100213,2020년 6월 5일 11시,금요일,충청남도 천안시 동남구 봉명동,중상사고,0,1,1,0,차대사람 - 기타,안전운전불이행,포장 - 건조,맑음,단일로 - 기타,승용,여,52세,상해없음,보행자,남,34세,중상
3932,2020060500100431,2020년 6월 5일 16시,금요일,충청남도 홍성군 홍성읍,중상사고,0,1,0,0,차대사람 - 횡단중,보행자보호의무위반,포장 - 건조,맑음,단일로 - 기타,승용,여,58세,상해없음,보행자,여,68세,중상
3933,2020060600100055,2020년 6월 6일 03시,토요일,충청남도 천안시 서북구 성정동,경상사고,0,0,1,0,차대사람 - 횡단중,보행자보호의무위반,포장 - 건조,맑음,교차로 - 교차로횡단보도내,승용,남,23세,상해없음,보행자,남,63세,경상
3934,2020060600100261,2020년 6월 6일 13시,토요일,충청남도 아산시 인주면,중상사고,0,1,0,0,차대사람 - 길가장자리구역통행중,안전운전불이행,포장 - 건조,맑음,단일로 - 기타,이륜,남,31세,상해없음,보행자,남,47세,중상