,사고번호,사고일시,요일,시군구,사고내용,사망자수,중상자수,경상자수,부상신고자수,사고유형,법규위반,노면상태,기상상태,도로형태,가해운전자 차종,가해운전자 성별,가해운전자 연령,가해운전자 상해정도,피해운전자 차종,피해운전자 성별,피해운전자 연령,피해운전자 상해정도
3935,2020060600100581,2020년 6월 6일 22시,토요일,충청남도 보령시 신흑동,경상사고,0,0,2,0,차대사람 - 기타,안전운전불이행,포장 - 건조,맑음,단일로 - 기타,화물,여,25세,상해없음,보행자,남,24세,경상
3936,2020060700100142,2020년 6월 7일 10시,일요일,충청남도 금산군 금산읍,사망사고,1,0,0,0,차대사람 - 차도통행중,안전운전불이행,포장 - 건조,맑음,교차로 - 교차로안,화물,남,45세,상해없음,보행자,여,80세,사망
3937,2020060700100365,2020년 6월 7일 17시,일요일,충청남도 서산시 동문동,중상사고,0,1,0,0,차대사람 - 횡단중,안전운전불이행,포장 - 건조,맑음,단일로 - 기타,승용,남,56세,상해없음,보행자,여,54세,중상
3938,2020060700100367,2020년 6월 7일 17시,일요일,충청남도 천안시 동남구 청수동,경상사고,0,0,1,0,차대사람 - 기타,안전운전불이행,포장 - 건조,맑음,단일로 - 기타,승용,여,64세,상해없음,보행자,여,6세,경상
3939,2020060800100203,2020년 6월 8일 10시,월요일,충청남도 천안시 서북구 두정동,경상사고,0,0,1,0,차대사람 - 기타,안전운전불이행,포장 - 건조,맑음,단일로 - 기타,승합,남,46세,상해없음,보행자,남,24세,경상
3940,2020060800100497,2020년 6월 8일 17시,월요일,충청남도 천안시 서북구 성정동,중상사고,0,1,0,0,차대사람 - 횡단중,보행자보호의무위반,포장 - 건조,맑음,교차로 - 교차로횡단보도내,승용,남,68세,상해없음,보행자,남,54세,중상
3941,2020060800100627,2020년 6월 8일 20시,월요일,충청남도 천안시 서북구 성정동,경상사고,0,0,1,0,차대사람 - 기타,신호위반,포장 - 건조,맑음,교차로 - 교차로안,자전거,기타불명,미분류,기타불명,보행자,여,61세,경상
3942,2020060800100659,2020년 6월 8일 21시,월요일,충청남도 서산시 동문동,경상사고,0,0,1,0,차대사람 - 기타,안전운전불이행,포장 - 건조,맑음,기타 - 기타,승용,여,63세,상해없음,보행자,남,60세,경상
3943,2020060800100660,2020년 6월 8일 21시,월요일,충청남도 천안시 서북구 백석동,중상사고,0,1,0,0,차대사람 - 횡단중,보행자보호의무위반,포장 - 건조,맑음,교차로 - 교차로횡단보도내,승용,남,45세,상해없음,보행자,남,60세,중상
3944,2020060900100196,2020년 6월 9일 10시,화요일,충청남도 홍성군 홍성읍,경상사고,0,0,1,0,차대사람 - 기타,안전운전불이행,포장 - 건조,맑음,단일로 - 기타,승용,남,80세,기타불명,보행자,남,71세,경상
3945,2020060900100438,2020년 6월 9일 16시,화요일,충청남도 아산시 신창면,경상사고,0,0,1,0,차대사람 - 기타,안전운전불이행,포장 - 건조,맑음,단일로 - 기타,승용,남,46세,기타불명,보행자,남,10세,경상
3946,2020060900100654,2020년 6월 9일 21시,화요일,충청남도 아산시 염치읍,사망사고,1,0,0,0,차대사람 - 횡단중,안전운전불이행,포장 - 건조,맑음,단일로 - 기타,승용,남,31세,기타불명,보행자,남,72세,사망
3947,2020061000100028,2020년 6월 10일 04시,수요일,충청남도 공주시 우성면,중상사고,0,1,0,0,차대사람 - 차도통행중,중앙선침범,포장 - 건조,맑음,단일로 - 기타,승용,남,25세,상해없음,보행자,남,75세,중상
3948,2020061000100119,2020년 6월 10일 08시,수요일,충청남도 서산시 읍내동,사망사고,1,0,0,0,차대사람 - 횡단중,안전운전불이행,포장 - 건조,맑음,교차로 - 교차로횡단보도내,화물,남,60세,상해없음,보행자,남,7세,사망
3949,2020061000100193,2020년 6월 10일 10시,수요일,충청남도 논산시 대교동,중상사고,0,1,0,0,차대사람 - 보도통행중,안전운전불이행,포장 - 건조,맑음,교차로 - 교차로안,화물,남,63세,상해없음,보행자,여,83세,중상
3950,2020061000100194,2020년 6월 10일 10시,수요일,충청남도 홍성군 광천읍,중상사고,0,1,0,0,차대사람 - 기타,안전운전불이행,포장 - 건조,맑음,교차로 - 교차로안,화물,여,52세,상해없음,보행자,남,89세,중상
3951,2020061000100669,2020년 6월 10일 21시,수요일,충청남도 서산시 동문동,경상사고,0,0,1,0,차대사람 - 횡단중,안전운전불이행,포장 - 젖음/습기,비,단일로 - 기타,승용,남,64세,상해없음,보행자,남,49세,경상
3952,2020061000100670,2020년 6월 10일 21시,수요일,충청남도 서산시 예천동,중상사고,0,1,0,0,차대사람 - 횡단중,보행자보호의무위반,포장 - 젖음/습기,비,교차로 - 교차로횡단보도내,승용,남,45세,상해없음,보행자,남,51세,중상
3953,2020061000100671,2020년 6월 10일 21시,수요일,충청남도 아산시 둔포면,중상사고,0,1,0,0,차대사람 - 횡단중,안전운전불이행,포장 - 젖음/습기,비,기타 - 기타,이륜,남,18세,상해없음,보행자,남,52세,중상
3954,2020061100100252,2020년 6월 11일 12시,목요일,충청남도 보령시 웅천읍,경상사고,0,0,1,0,차대사람 - 차도통행중,안전운전불이행,포장 - 건조,맑음,교차로 - 교차로안,화물,남,87세,상해없음,보행자,여,78세,경상
3955,2020061100100400,2020년 6월 11일 16시,목요일,충청남도 예산군 예산읍,중상사고,0,1,0,0,차대사람 - 횡단중,보행자보호의무위반,포장 - 건조,맑음,교차로 - 교차로안,승용,여,54세,상해없음,보행자,여,85세,중상
3956,2020061100100448,2020년 6월 11일 17시,목요일,충청남도 천안시 서북구 불당동,경상사고,0,0,1,0,차대사람 - 횡단중,신호위반,포장 - 건조,맑음,교차로 - 교차로횡단보도내,이륜,남,61세,상해없음,보행자,여,10세,경상
3957,2020061200100101,2020년 6월 12일 08시,금요일,충청남도 서천군 서천읍,중상사고,0,1,0,0,차대사람 - 횡단중,보행자보호의무위반,포장 - 건조,맑음,교차로 - 교차로안,승용,남,64세,상해없음,보행자,여,74세,중상
3958,2020061200100102,2020년 6월 12일 08시,금요일,충청남도 당진시 신평면,중상사고,0,1,0,0,차대사람 - 기타,기타,포장 - 건조,맑음,기타 - 기타,승합,남,47세,상해없음,보행자,여,86세,중상
3959,2020061200100370,2020년 6월 12일 15시,금요일,충청남도 서산시 석림동,중상사고,0,1,0,0,차대사람 - 차도통행중,안전운전불이행,포장 - 건조,흐림,교차로 - 교차로부근,승용,남,57세,상해없음,보행자,남,50세,중상
3960,2020061200100372,2020년 6월 12일 15시,금요일,충청남도 아산시 모종동,경상사고,0,0,1,0,차대사람 - 기타,보행자보호의무위반,포장 - 건조,흐림,교차로 - 교차로안,이륜,남,18세,상해없음,보행자,여,11세,경상
3961,2020061200100734,2020년 6월 12일 23시,금요일,충청남도 예산군 예산읍,경상사고,0,0,1,0,차대사람 - 횡단중,보행자보호의무위반,포장 - 젖음/습기,비,단일로 - 기타,승용,남,31세,기타불명,보행자,남,18세,경상
3962,2020061300100187,2020년 6월 13일 10시,토요일,충청남도 서산시 동문동,중상사고,0,1,0,0,차대사람 - 횡단중,보행자보호의무위반,포장 - 건조,맑음,교차로 - 교차로횡단보도내,승용,여,65세,상해없음,보행자,남,62세,중상
3963,2020061300100218,2020년 6월 13일 11시,토요일,충청남도 서천군 서천읍,경상사고,0,0,1,0,차대사람 - 횡단중,보행자보호의무위반,포장 - 건조,맑음,교차로 - 교차로안,승용,남,66세,상해없음,보행자,여,10세,경상
3964,2020061300100375,2020년 6월 13일 15시,토요일,충청남도 천안시 동남구 신부동,경상사고,0,0,1,0,차대사람 - 차도통행중,보행자보호의무위반,포장 - 건조,맑음,단일로 - 기타,기타불명,기타불명,미분류,기타불명,보행자,남,25세,경상
3965,2020061300100499,2020년 6월 13일 18시,토요일,충청남도 부여군 규암면,경상사고,0,0,1,0,차대사람 - 기타,안전운전불이행,포장 - 건조,흐림,주차장 - 주차장,승용,남,60세,상해없음,보행자,남,5세,경상
3966,2020061300100573,2020년 6월 13일 20시,토요일,충청남도 서산시 동문동,경상사고,0,0,1,0,차대사람 - 기타,안전운전불이행,포장 - 건조,맑음,단일로 - 기타,승용,남,56세,상해없음,보행자,남,37세,경상
3967,2020061300100604,2020년 6월 13일 21시,토요일,충청남도 보령시 웅천읍,경상사고,0,0,1,0,차대사람 - 횡단중,안전운전불이행,포장 - 건조,맑음,단일로 - 기타,이륜,남,51세,상해없음,보행자,남,55세,경상
3968,2020061400100016,2020년 6월 14일 00시,일요일,충청남도 천안시 서북구 성정동,경상사고,0,0,1,0,차대사람 - 횡단중,신호위반,포장 - 젖음/습기,비,교차로 - 교차로안,승용,남,64세,상해없음,보행자,여,24세,경상
3969,2020061400100017,2020년 6월 14일 00시,일요일,충청남도 천안시 서북구 두정동,경상사고,0,0,2,0,차대사람 - 횡단중,신호위반,포장 - 젖음/습기,비,단일로 - 기타,이륜,남,45세,상해없음,보행자,남,21세,경상
3970,2020061400100470,2020년 6월 14일 21시,일요일,충청남도 아산시 둔포면,경상사고,0,0,2,0,차대사람 - 기타,안전운전불이행,포장 - 건조,맑음,단일로 - 기타,사륜오토바이(ATV),남,60세,경상,보행자,여,14세,경상
3971,2020061400100495,2020년 6월 14일 22시,일요일,충청남도 아산시 둔포면,부상신고사고,0,0,0,1,차대사람 - 기타,안전운전불이행,포장 - 건조,맑음,단일로 - 기타,승용,여,31세,상해없음,보행자,여,42세,부상신고
3972,2020061500100195,2020년 6월 15일 10시,월요일,충청남도 서천군 서천읍,경상사고,0,0,1,0,차대사람 - 횡단중,보행자보호의무위반,포장 - 건조,맑음,교차로 - 교차로안,승용,여,61세,상해없음,보행자,남,76세,경상
3973,2020061500100196,2020년 6월 15일 10시,월요일,충청남도 예산군 고덕면,경상사고,0,0,1,0,차대사람 - 기타,안전운전불이행,포장 - 건조,맑음,주차장 - 주차장,화물,남,44세,상해없음,보행자,남,41세,경상
3974,2020061500100343,2020년 6월 15일 14시,월요일,충청남도 천안시 동남구 신방동,경상사고,0,0,1,0,차대사람 - 횡단중,신호위반,포장 - 건조,맑음,교차로 - 교차로안,승용,남,48세,상해없음,보행자,여,14세,경상
3975,2020061500100490,2020년 6월 15일 17시,월요일,충청남도 천안시 서북구 성환읍,경상사고,0,0,1,0,차대사람 - 기타,안전운전불이행,포장 - 건조,맑음,단일로 - 기타,승용,여,52세,상해없음,보행자,여,78세,경상
3976,2020061500100628,2020년 6월 15일 20시,월요일,충청남도 서산시 읍내동,중상사고,0,1,0,0,차대사람 - 기타,안전운전불이행,포장 - 건조,맑음,단일로 - 기타,승용,남,62세,상해없음,보행자,남,51세,중상
3977,2020061600100110,2020년 6월 16일 08시,화요일,충청남도 보령시 웅천읍,중상사고,0,1,0,0,차대사람 - 길가장자리구역통행중,안전운전불이행,포장 - 건조,맑음,교차로 - 교차로부근,승합,여,45세,상해없음,보행자,여,60세,중상
3978,2020061700100208,2020년 6월 17일 11시,수요일,충청남도 공주시 신관동,부상신고사고,0,0,0,1,차대사람 - 기타,안전운전불이행,포장 - 건조,기타,단일로 - 기타,자전거,기타불명,미분류,기타불명,보행자,여,45세,부상신고
3979,2020061700100513,2020년 6월 17일 19시,수요일,충청남도 아산시 둔포면,부상신고사고,0,0,0,1,차대사람 - 기타,안전운전불이행,포장 - 건조,맑음,단일로 - 기타,승용,여,33세,상해없음,보행자,여,57세,부상신고
3980,2020061700100605,2020년 6월 17일 22시,수요일,충청남도 태안군 태안읍,사망사고,1,0,0,0,차대사람 - 횡단중,과속,포장 - 건조,맑음,교차로 - 교차로횡단보도내,승용,여,33세,상해없음,보행자,남,61세,사망
3981,2020061800100137,2020년 6월 18일 08시,목요일,충청남도 아산시 용화동,경상사고,0,0,1,0,차대사람 - 차도통행중,안전운전불이행,포장 - 건조,맑음,교차로 - 교차로부근,승용,여,40세,기타불명,보행자,여,17세,경상
3982,2020061800100248,2020년 6월 18일 11시,목요일,충청남도 보령시 대천동,경상사고,0,0,1,0,차대사람 - 횡단중,보행자보호의무위반,포장 - 젖음/습기,흐림,교차로 - 교차로부근,승합,남,50세,상해없음,보행자,남,40세,경상
3983,2020061800100249,2020년 6월 18일 11시,목요일,충청남도 청양군 청양읍,중상사고,0,1,0,0,차대사람 - 기타,안전운전불이행,포장 - 건조,맑음,주차장 - 주차장,승합,남,51세,상해없음,보행자,여,76세,중상
3984,2020061800100345,2020년 6월 18일 14시,목요일,충청남도 서산시 읍내동,중상사고,0,1,0,0,차대사람 - 횡단중,안전운전불이행,포장 - 건조,맑음,교차로 - 교차로안,화물,남,53세,상해없음,보행자,여,82세,중상
3985,2020061800100375,2020년 6월 18일 15시,목요일,충청남도 공주시 신관동,경상사고,0,0,1,0,차대사람 - 기타,안전운전불이행,포장 - 젖음/습기,비,단일로 - 기타,승용,여,41세,상해없음,보행자,여,12세,경상
3986,2020061900100561,2020년 6월 19일 18시,금요일,충청남도 천안시 동남구 봉명동,중상사고,0,1,0,0,차대사람 - 기타,안전운전불이행,포장 - 건조,맑음,단일로 - 기타,승용,남,68세,상해없음,보행자,여,51세,중상
3987,2020061900100684,2020년 6월 19일 21시,금요일,충청남도 천안시 서북구 성정동,경상사고,0,0,1,0,차대사람 - 차도통행중,안전운전불이행,포장 - 건조,맑음,기타 - 기타,승용,남,53세,상해없음,보행자,남,49세,경상
3988,2020062000100107,2020년 6월 20일 08시,토요일,충청남도 부여군 부여읍,중상사고,0,1,0,0,차대사람 - 기타,안전운전불이행,포장 - 건조,맑음,단일로 - 기타,승용,남,33세,상해없음,보행자,남,69세,중상
3989,2020062000100142,2020년 6월 20일 09시,토요일,충청남도 공주시 정안면,경상사고,0,0,1,0,차대사람 - 기타,안전운전불이행,포장 - 건조,맑음,기타 - 기타,승용,남,61세,상해없음,보행자,남,63세,경상
3990,2020062000100623,2020년 6월 20일 21시,토요일,충청남도 보령시 웅천읍,경상사고,0,0,1,0,차대사람 - 기타,기타,포장 - 건조,맑음,기타 - 기타,승용,남,46세,상해없음,보행자,남,41세,경상
3991,2020062000100624,2020년 6월 20일 21시,토요일,충청남도 예산군 덕산면,중상사고,0,1,0,0,차대사람 - 차도통행중,안전운전불이행,포장 - 건조,맑음,단일로 - 기타,화물,남,51세,상해없음,보행자,여,46세,중상
3992,2020062100100029,2020년 6월 21일 01시,일요일,충청남도 천안시 동남구 안서동,중상사고,0,1,0,0,차대사람 - 기타,안전운전불이행,포장 - 건조,맑음,교차로 - 교차로부근,승용,여,60세,기타불명,보행자,여,20세,중상
3993,2020062100100061,2020년 6월 21일 04시,일요일,충청남도 천안시 서북구 두정동,경상사고,0,0,1,0,차대사람 - 차도통행중,안전운전불이행,포장 - 건조,맑음,단일로 - 기타,승용,남,24세,상해없음,보행자,남,29세,경상
3994,2020062100100127,2020년 6월 21일 09시,일요일,충청남도 아산시 신창면,중상사고,0,1,0,0,차대사람 - 횡단중,안전운전불이행,포장 - 건조,맑음,교차로 - 교차로부근,승용,여,38세,상해없음,보행자,남,82세,중상
3995,2020062100100292,2020년 6월 21일 15시,일요일,충청남도 논산시 내동,중상사고,0,1,0,0,차대사람 - 횡단중,보행자보호의무위반,포장 - 건조,맑음,교차로 - 교차로횡단보도내,승용,여,42세,상해없음,보행자,남,6세,중상
3996,2020062200100421,2020년 6월 22일 15시,월요일,충청남도 서산시 동문동,경상사고,0,0,1,0,차대사람 - 횡단중,보행자보호의무위반,포장 - 건조,맑음,교차로 - 교차로횡단보도내,승용,여,59세,상해없음,보행자,남,30세,경상
3997,2020062200100537,2020년 6월 22일 17시,월요일,충청남도 당진시 송악읍,중상사고,0,1,0,0,차대사람 - 차도통행중,보행자보호의무위반,포장 - 건조,맑음,교차로 - 교차로안,승용,남,21세,상해없음,보행자,여,76세,중상
3998,2020062300100081,2020년 6월 23일 07시,화요일,충청남도 당진시 정미면,중상사고,0,1,0,0,차대사람 - 횡단중,과속,포장 - 건조,맑음,단일로 - 기타,승용,남,20세,상해없음,보행자,여,72세,중상
3999,2020062300100179,2020년 6월 23일 09시,화요일,충청남도 예산군 삽교읍,중상사고,0,1,0,0,차대사람 - 기타,안전운전불이행,포장 - 건조,맑음,기타 - 기타,화물,남,39세,상해없음,보행자,여,69세,중상
4000,2020062300100691,2020년 6월 23일 23시,화요일,충청남도 천안시 서북구 성환읍,사망사고,1,0,1,0,차대사람 - 차도통행중,안전운전불이행,포장 - 건조,맑음,교차로 - 교차로부근,승용,남,25세,상해없음,보행자,여,78세,사망
4001,2020062400100028,2020년 6월 24일 02시,수요일,충청남도 홍성군 홍성읍,중상사고,0,1,0,0,차대사람 - 횡단중,안전운전불이행,포장 - 건조,맑음,교차로 - 교차로안,승용,남,53세,상해없음,보행자,남,49세,중상
4002,2020062400100347,2020년 6월 24일 15시,수요일,충청남도 당진시 읍내리,경상사고,0,0,3,0,차대사람 - 기타,안전운전불이행,포장 - 건조,맑음,단일로 - 기타,승용,남,49세,상해없음,보행자,여,35세,경상
4003,2020062400100604,2020년 6월 24일 21시,수요일,충청남도 보령시 동대동,중상사고,0,2,1,0,차대사람 - 횡단중,과속,포장 - 젖음/습기,비,교차로 - 교차로부근,승용,남,35세,상해없음,보행자,남,45세,중상
4004,2020062400100605,2020년 6월 24일 21시,수요일,충청남도 청양군 청양읍,중상사고,0,1,0,0,차대사람 - 횡단중,안전운전불이행,포장 - 젖음/습기,비,단일로 - 기타,승용,남,51세,상해없음,보행자,남,60세,중상
4005,2020062500100343,2020년 6월 25일 15시,목요일,충청남도 공주시 산성동,중상사고,0,1,0,0,차대사람 - 횡단중,보행자보호의무위반,포장 - 건조,맑음,교차로 - 교차로안,화물,남,65세,상해없음,보행자,남,89세,중상
4006,2020062500100507,2020년 6월 25일 20시,목요일,충청남도 태안군 안면읍,경상사고,0,0,1,0,차대사람 - 횡단중,안전운전불이행,포장 - 젖음/습기,흐림,단일로 - 기타,승용,남,38세,상해없음,보행자,남,51세,경상
4007,2020062500100547,2020년 6월 25일 21시,목요일,충청남도 천안시 서북구 차암동,중상사고,0,1,0,0,차대사람 - 기타,안전운전불이행,포장 - 건조,맑음,단일로 - 기타,승용,남,47세,상해없음,보행자,남,51세,중상
4008,2020062500100585,2020년 6월 25일 22시,목요일,충청남도 서산시 예천동,중상사고,0,1,0,0,차대사람 - 횡단중,안전운전불이행,포장 - 젖음/습기,비,단일로 - 기타,승용,남,33세,상해없음,보행자,남,32세,중상
4009,2020062500100616,2020년 6월 25일 23시,목요일,충청남도 홍성군 홍성읍,중상사고,0,1,0,0,차대사람 - 횡단중,보행자보호의무위반,포장 - 젖음/습기,비,단일로 - 기타,승용,남,50세,상해없음,보행자,여,18세,중상
4010,2020062600100252,2020년 6월 26일 12시,금요일,충청남도 서산시 석림동,경상사고,0,0,1,0,차대사람 - 기타,안전운전불이행,포장 - 건조,맑음,교차로 - 교차로부근,승용,남,27세,상해없음,보행자,남,56세,경상
4011,2020062600100329,2020년 6월 26일 14시,금요일,충청남도 홍성군 홍성읍,중상사고,0,1,0,0,차대사람 - 차도통행중,안전운전불이행,포장 - 건조,맑음,교차로 - 교차로안,승용,남,73세,상해없음,보행자,여,70세,중상
4012,2020062600100370,2020년 6월 26일 15시,금요일,충청남도 아산시 염치읍,중상사고,0,1,0,0,차대사람 - 횡단중,안전운전불이행,포장 - 건조,맑음,단일로 - 기타,승용,여,52세,기타불명,보행자,여,83세,중상
4013,2020062600100473,2020년 6월 26일 17시,금요일,충청남도 천안시 서북구 성정동,경상사고,0,0,1,0,차대사람 - 횡단중,안전운전불이행,포장 - 건조,맑음,교차로 - 교차로안,승용,여,39세,상해없음,보행자,여,53세,경상
4014,2020062600100529,2020년 6월 26일 18시,금요일,충청남도 천안시 서북구 직산읍,중상사고,0,1,0,0,차대사람 - 횡단중,안전운전불이행,포장 - 건조,맑음,단일로 - 기타,승용,여,59세,상해없음,보행자,여,84세,중상
4015,2020062600100610,2020년 6월 26일 20시,금요일,충청남도 계룡시 엄사면,중상사고,0,1,0,0,차대사람 - 차도통행중,안전운전불이행,포장 - 건조,맑음,단일로 - 기타,승용,남,59세,상해없음,보행자,여,75세,중상
4016,2020062600100682,2020년 6월 26일 22시,금요일,충청남도 아산시 인주면,경상사고,0,0,2,0,차대사람 - 기타,중앙선침범,포장 - 건조,맑음,단일로 - 기타,기타불명,기타불명,미분류,기타불명,보행자,남,16세,경상
4017,2020062700100076,2020년 6월 27일 04시,토요일,충청남도 천안시 동남구 원성동,경상사고,0,0,1,0,차대사람 - 횡단중,보행자보호의무위반,포장 - 건조,맑음,교차로 - 교차로횡단보도내,승용,남,51세,상해없음,보행자,여,51세,경상
4018,2020062700100203,2020년 6월 27일 11시,토요일,충청남도 보령시 대천동,중상사고,0,1,0,0,차대사람 - 보도통행중,안전운전불이행,포장 - 건조,맑음,단일로 - 기타,승용,남,57세,상해없음,보행자,남,55세,중상
4019,2020062700100523,2020년 6월 27일 20시,토요일,충청남도 보령시 신흑동,경상사고,0,0,1,0,차대사람 - 길가장자리구역통행중,안전운전불이행,포장 - 건조,맑음,단일로 - 기타,승용,남,21세,상해없음,보행자,여,18세,경상
4020,2020062700100561,2020년 6월 27일 21시,토요일,충청남도 아산시 용화동,경상사고,0,0,1,0,차대사람 - 차도통행중,안전운전불이행,포장 - 건조,맑음,단일로 - 기타,승용,남,23세,상해없음,보행자,남,31세,경상
4021,2020062700100577,2020년 6월 27일 22시,토요일,충청남도 보령시 신흑동,경상사고,0,0,1,0,차대사람 - 길가장자리구역통행중,안전운전불이행,포장 - 건조,맑음,단일로 - 기타,승용,남,32세,기타불명,보행자,남,57세,경상
4022,2020062700100603,2020년 6월 27일 23시,토요일,충청남도 태안군 태안읍,경상사고,0,0,2,0,차대사람 - 횡단중,안전운전불이행,포장 - 건조,맑음,교차로 - 교차로부근,화물,남,62세,상해없음,보행자,남,17세,경상
4023,2020062800100191,2020년 6월 28일 12시,일요일,충청남도 보령시 신흑동,중상사고,0,1,0,0,차대사람 - 기타,안전운전불이행,포장 - 건조,맑음,교차로 - 교차로안,이륜,남,44세,상해없음,보행자,남,5세,중상
4024,2020062800100320,2020년 6월 28일 16시,일요일,충청남도 천안시 동남구 신부동,경상사고,0,0,1,0,차대사람 - 기타,안전운전불이행,포장 - 건조,맑음,단일로 - 기타,화물,남,59세,상해없음,보행자,남,34세,경상
4025,2020062800100472,2020년 6월 28일 21시,일요일,충청남도 천안시 서북구 성정동,경상사고,0,0,1,0,차대사람 - 기타,안전운전불이행,포장 - 건조,맑음,기타 - 기타,승용,남,55세,상해없음,보행자,여,34세,경상
4026,2020062800100473,2020년 6월 28일 21시,일요일,충청남도 천안시 동남구 동면,경상사고,0,0,1,0,차대사람 - 길가장자리구역통행중,안전운전불이행,포장 - 건조,맑음,단일로 - 기타,승용,남,54세,상해없음,보행자,남,16세,경상
4027,2020062900100084,2020년 6월 29일 08시,월요일,충청남도 아산시 온천동,중상사고,0,1,0,0,차대사람 - 기타,안전운전불이행,포장 - 건조,맑음,주차장 - 주차장,승용,남,65세,상해없음,보행자,남,71세,중상
4028,2020062900100143,2020년 6월 29일 10시,월요일,충청남도 논산시 강경읍,경상사고,0,0,1,0,차대사람 - 차도통행중,안전운전불이행,포장 - 건조,맑음,단일로 - 기타,승용,남,73세,상해없음,보행자,여,63세,경상
4029,2020062900100144,2020년 6월 29일 10시,월요일,충청남도 공주시 산성동,경상사고,0,0,1,0,차대사람 - 기타,안전운전불이행,포장 - 건조,맑음,단일로 - 기타,승용,남,72세,상해없음,보행자,여,51세,경상
4030,2020062900100184,2020년 6월 29일 11시,월요일,충청남도 천안시 서북구 쌍용동,경상사고,0,0,1,0,차대사람 - 기타,안전운전불이행,포장 - 건조,맑음,단일로 - 기타,승용,여,68세,상해없음,보행자,남,43세,경상
4031,2020062900100253,2020년 6월 29일 13시,월요일,충청남도 태안군 태안읍,중상사고,0,1,0,0,차대사람 - 기타,안전운전불이행,포장 - 건조,맑음,교차로 - 교차로안,화물,남,52세,상해없음,보행자,여,81세,중상
4032,2020062900100318,2020년 6월 29일 15시,월요일,충청남도 서산시 대산읍,경상사고,0,0,1,0,차대사람 - 차도통행중,안전운전불이행,포장 - 젖음/습기,비,단일로 - 기타,승용,여,54세,상해없음,보행자,여,31세,경상
4033,2020062900100356,2020년 6월 29일 16시,월요일,충청남도 천안시 서북구 성정동,경상사고,0,0,1,0,차대사람 - 횡단중,보행자보호의무위반,포장 - 건조,맑음,교차로 - 교차로안,승용,여,38세,상해없음,보행자,여,36세,경상
4034,2020062900100358,2020년 6월 29일 16시,월요일,충청남도 보령시 청라면,중상사고,0,1,0,0,차대사람 - 기타,안전운전불이행,비포장 - 젖음/습기,비,단일로 - 기타,승용,남,38세,상해없음,보행자,여,87세,중상
4035,2020062900100401,2020년 6월 29일 17시,월요일,충청남도 아산시 온천동,중상사고,0,1,0,0,차대사람 - 기타,안전운전불이행,포장 - 젖음/습기,비,단일로 - 기타,원동기,남,38세,상해없음,보행자,여,74세,중상
4036,2020062900100633,2020년 6월 29일 22시,월요일,충청남도 공주시 신관동,경상사고,0,0,1,0,차대사람 - 기타,안전운전불이행,포장 - 젖음/습기,비,단일로 - 기타,승용,여,60세,기타불명,보행자,남,49세,경상
4037,2020063000100145,2020년 6월 30일 09시,화요일,충청남도 논산시 반월동,경상사고,0,0,1,0,차대사람 - 보도통행중,기타,포장 - 건조,맑음,기타 - 기타,승합,남,56세,상해없음,보행자,여,70세,경상
4038,2020063000100320,2020년 6월 30일 15시,화요일,충청남도 공주시 산성동,중상사고,0,1,0,0,차대사람 - 차도통행중,안전운전불이행,포장 - 건조,기타,단일로 - 기타,자전거,남,59세,상해없음,보행자,여,81세,중상
4039,2020063000100611,2020년 6월 30일 23시,화요일,충청남도 당진시 읍내리,중상사고,0,1,0,0,차대사람 - 기타,보행자보호의무위반,포장 - 건조,맑음,교차로 - 교차로안,승용,여,20세,상해없음,보행자,남,35세,중상
4040,2020070100100023,2020년 7월 1일 01시,수요일,충청남도 천안시 서북구 성정동,경상사고,0,0,1,0,차대사람 - 기타,안전운전불이행,포장 - 젖음/습기,비,교차로 - 교차로부근,승용,남,47세,상해없음,보행자,여,58세,경상
4041,2020070100100066,2020년 7월 1일 06시,수요일,충청남도 아산시 모종동,경상사고,0,0,1,0,차대사람 - 기타,안전운전불이행,포장 - 건조,맑음,단일로 - 기타,승용,여,27세,상해없음,보행자,남,39세,경상
4042,2020070100100107,2020년 7월 1일 08시,수요일,충청남도 서천군 서천읍,중상사고,0,1,0,0,차대사람 - 횡단중,안전운전불이행,포장 - 건조,맑음,교차로 - 교차로안,승용,남,78세,상해없음,보행자,여,76세,중상
4043,2020070100100207,2020년 7월 1일 11시,수요일,충청남도 당진시 송악읍,경상사고,0,0,1,0,차대사람 - 차도통행중,안전운전불이행,포장 - 건조,맑음,기타 - 기타,승용,여,40세,상해없음,보행자,남,87세,경상
4044,2020070200100017,2020년 7월 2일 01시,목요일,충청남도 천안시 서북구 두정동,경상사고,0,0,1,0,차대사람 - 기타,신호위반,포장 - 건조,맑음,교차로 - 교차로횡단보도내,이륜,남,17세,상해없음,보행자,남,20세,경상
4045,2020070200100347,2020년 7월 2일 15시,목요일,충청남도 천안시 동남구 영성동,경상사고,0,0,2,0,차대사람 - 기타,안전운전불이행,포장 - 건조,맑음,단일로 - 기타,승용,남,71세,상해없음,보행자,여,38세,경상
4046,2020070200100564,2020년 7월 2일 21시,목요일,충청남도 예산군 예산읍,경상사고,0,0,1,0,차대사람 - 기타,안전운전불이행,포장 - 건조,맑음,교차로 - 교차로부근,승용,남,50세,상해없음,보행자,남,63세,경상
4047,2020070300100030,2020년 7월 3일 02시,금요일,충청남도 당진시 순성면,사망사고,1,0,0,0,차대사람 - 기타,안전운전불이행,포장 - 건조,맑음,단일로 - 기타,승용,남,29세,상해없음,보행자,남,50세,사망