,사고번호,사고일시,요일,시군구,사고내용,사망자수,중상자수,경상자수,부상신고자수,사고유형,법규위반,노면상태,기상상태,도로형태,가해운전자 차종,가해운전자 성별,가해운전자 연령,가해운전자 상해정도,피해운전자 차종,피해운전자 성별,피해운전자 연령,피해운전자 상해정도
4048,2020070300100031,2020년 7월 3일 02시,금요일,충청남도 당진시 정미면,중상사고,0,1,0,0,차대사람 - 기타,안전운전불이행,포장 - 건조,맑음,교차로 - 교차로안,승용,남,19세,상해없음,보행자,남,25세,중상
4049,2020070300100558,2020년 7월 3일 20시,금요일,충청남도 천안시 서북구 성정동,경상사고,0,0,1,1,차대사람 - 횡단중,안전운전불이행,포장 - 건조,맑음,교차로 - 교차로안,이륜,남,23세,부상신고,보행자,남,28세,경상
4050,2020070300100599,2020년 7월 3일 21시,금요일,충청남도 아산시 권곡동,경상사고,0,0,1,0,차대사람 - 기타,안전운전불이행,포장 - 건조,맑음,단일로 - 기타,승용,여,58세,상해없음,보행자,남,43세,경상
4051,2020070300100600,2020년 7월 3일 21시,금요일,충청남도 서천군 장항읍,사망사고,1,0,0,0,차대사람 - 차도통행중,과속,포장 - 젖음/습기,비,교차로 - 교차로부근,승용,여,29세,상해없음,보행자,남,36세,사망
4052,2020070300100601,2020년 7월 3일 21시,금요일,충청남도 태안군 태안읍,중상사고,0,1,0,0,차대사람 - 차도통행중,안전운전불이행,포장 - 젖음/습기,비,단일로 - 기타,승용,남,58세,상해없음,보행자,남,62세,중상
4053,2020070300100640,2020년 7월 3일 22시,금요일,충청남도 금산군 금산읍,중상사고,0,1,0,0,차대사람 - 횡단중,보행자보호의무위반,포장 - 젖음/습기,비,교차로 - 교차로횡단보도내,승용,남,59세,상해없음,보행자,남,58세,중상
4054,2020070400100068,2020년 7월 4일 02시,토요일,충청남도 천안시 서북구 두정동,경상사고,0,0,1,0,차대사람 - 기타,안전운전불이행,포장 - 젖음/습기,비,교차로 - 교차로안,승용,남,34세,상해없음,보행자,남,55세,경상
4055,2020070500100198,2020년 7월 5일 13시,일요일,충청남도 아산시 용화동,경상사고,0,0,1,0,차대사람 - 기타,안전운전불이행,포장 - 건조,맑음,단일로 - 기타,승용,남,67세,상해없음,보행자,여,27세,경상
4056,2020070500100393,2020년 7월 5일 20시,일요일,충청남도 아산시 둔포면,중상사고,0,1,0,0,차대사람 - 기타,안전운전불이행,포장 - 건조,맑음,단일로 - 기타,화물,남,62세,상해없음,보행자,여,67세,중상
4057,2020070600100037,2020년 7월 6일 05시,월요일,충청남도 천안시 동남구 구성동,중상사고,0,1,0,0,차대사람 - 횡단중,안전운전불이행,포장 - 건조,맑음,교차로 - 교차로안,승용,남,65세,상해없음,보행자,남,71세,중상
4058,2020070600100136,2020년 7월 6일 09시,월요일,충청남도 홍성군 홍성읍,경상사고,0,0,1,0,차대사람 - 차도통행중,안전운전불이행,포장 - 건조,맑음,교차로 - 교차로부근,승용,남,73세,상해없음,보행자,남,77세,경상
4059,2020070600100245,2020년 7월 6일 12시,월요일,충청남도 천안시 동남구 용곡동,경상사고,0,0,1,0,차대사람 - 기타,안전운전불이행,포장 - 건조,맑음,단일로 - 기타,기타불명,기타불명,미분류,기타불명,보행자,여,64세,경상
4060,2020070600100541,2020년 7월 6일 21시,월요일,충청남도 천안시 서북구 두정동,경상사고,0,0,1,0,차대사람 - 횡단중,신호위반,포장 - 건조,맑음,교차로 - 교차로횡단보도내,이륜,남,20세,상해없음,보행자,남,46세,경상
4061,2020070700100069,2020년 7월 7일 07시,화요일,충청남도 보령시 청소면,중상사고,0,1,0,0,차대사람 - 기타,안전운전불이행,포장 - 건조,맑음,단일로 - 기타,자전거,여,68세,상해없음,보행자,여,80세,중상
4062,2020070700100285,2020년 7월 7일 14시,화요일,충청남도 당진시 읍내리,경상사고,0,0,1,0,차대사람 - 횡단중,보행자보호의무위반,포장 - 건조,맑음,교차로 - 교차로안,승용,남,29세,상해없음,보행자,여,84세,경상
4063,2020070700100315,2020년 7월 7일 15시,화요일,충청남도 천안시 서북구 백석동,부상신고사고,0,0,0,1,차대사람 - 기타,안전운전불이행,포장 - 건조,맑음,교차로 - 교차로안,승용,남,71세,상해없음,보행자,남,81세,부상신고
4064,2020070700100317,2020년 7월 7일 15시,화요일,충청남도 당진시 신평면,중상사고,0,1,0,0,차대사람 - 차도통행중,안전운전불이행,포장 - 건조,맑음,단일로 - 기타,화물,남,51세,상해없음,보행자,여,69세,중상
4065,2020070700100356,2020년 7월 7일 16시,화요일,충청남도 천안시 서북구 백석동,중상사고,0,1,0,0,차대사람 - 기타,보행자보호의무위반,포장 - 건조,맑음,교차로 - 교차로횡단보도내,승용,여,34세,기타불명,보행자,남,24세,중상
4066,2020070700100397,2020년 7월 7일 17시,화요일,충청남도 천안시 동남구 사직동,중상사고,0,1,0,0,차대사람 - 횡단중,안전운전불이행,포장 - 건조,맑음,교차로 - 교차로안,화물,남,44세,상해없음,보행자,남,80세,중상
4067,2020070800100204,2020년 7월 8일 11시,수요일,충청남도 공주시 중동,경상사고,0,0,1,0,차대사람 - 횡단중,안전운전불이행,포장 - 건조,맑음,단일로 - 기타,승용,남,78세,상해없음,보행자,여,15세,경상
4068,2020070800100345,2020년 7월 8일 15시,수요일,충청남도 부여군 규암면,중상사고,0,1,0,0,차대사람 - 횡단중,기타,포장 - 건조,맑음,단일로 - 기타,승용,남,49세,상해없음,보행자,여,8세,중상
4069,2020070800100390,2020년 7월 8일 16시,수요일,충청남도 서산시 동문동,중상사고,0,1,0,0,차대사람 - 횡단중,보행자보호의무위반,포장 - 건조,맑음,교차로 - 교차로안,승용,남,47세,상해없음,보행자,남,74세,중상
4070,2020070800100558,2020년 7월 8일 20시,수요일,충청남도 천안시 서북구 성환읍,경상사고,0,0,1,0,차대사람 - 횡단중,안전운전불이행,포장 - 건조,맑음,교차로 - 교차로안,승용,남,52세,상해없음,보행자,남,49세,경상
4071,2020070900100068,2020년 7월 9일 06시,목요일,충청남도 아산시 읍내동,중상사고,0,1,0,0,차대사람 - 횡단중,보행자보호의무위반,포장 - 건조,맑음,교차로 - 교차로횡단보도내,이륜,남,50세,상해없음,보행자,여,81세,중상
4072,2020071000100025,2020년 7월 10일 01시,금요일,충청남도 아산시 인주면,중상사고,0,1,0,0,차대사람 - 기타,안전운전불이행,포장 - 건조,맑음,기타 - 기타,화물,남,55세,상해없음,보행자,남,39세,중상
4073,2020071000100272,2020년 7월 10일 13시,금요일,충청남도 논산시 반월동,경상사고,0,0,1,0,차대사람 - 횡단중,중앙선침범,포장 - 건조,맑음,교차로 - 교차로횡단보도내,원동기,남,74세,상해없음,보행자,남,33세,경상
4074,2020071000100347,2020년 7월 10일 15시,금요일,충청남도 천안시 서북구 백석동,중상사고,0,1,0,0,차대사람 - 보도통행중,안전운전불이행,포장 - 건조,맑음,기타 - 기타,승합,여,64세,상해없음,보행자,남,72세,중상
4075,2020071000100389,2020년 7월 10일 16시,금요일,충청남도 아산시 모종동,경상사고,0,0,1,0,차대사람 - 기타,안전운전불이행,포장 - 건조,맑음,단일로 - 기타,승용,남,35세,상해없음,보행자,남,42세,경상
4076,2020071000100447,2020년 7월 10일 17시,금요일,충청남도 아산시 온천동,부상신고사고,0,0,0,1,차대사람 - 기타,안전운전불이행,포장 - 건조,맑음,단일로 - 기타,승용,남,56세,상해없음,보행자,여,20세,부상신고
4077,2020071000100499,2020년 7월 10일 18시,금요일,충청남도 천안시 동남구 신방동,경상사고,0,0,1,0,차대사람 - 횡단중,안전운전불이행,포장 - 건조,맑음,기타 - 기타,승용,남,57세,상해없음,보행자,남,6세,경상
4078,2020071000100663,2020년 7월 10일 23시,금요일,충청남도 공주시 신관동,경상사고,0,0,1,0,차대사람 - 차도통행중,안전운전불이행,포장 - 건조,흐림,교차로 - 교차로부근,승용,여,27세,상해없음,보행자,여,22세,경상
4079,2020071100100114,2020년 7월 11일 08시,토요일,충청남도 천안시 서북구 쌍용동,경상사고,0,0,1,0,차대사람 - 기타,신호위반,포장 - 건조,맑음,교차로 - 교차로횡단보도내,승용,남,24세,상해없음,보행자,남,64세,경상
4080,2020071100100576,2020년 7월 11일 21시,토요일,충청남도 아산시 음봉면,경상사고,0,0,1,0,차대사람 - 횡단중,신호위반,포장 - 건조,맑음,단일로 - 기타,이륜,남,19세,상해없음,보행자,여,44세,경상
4081,2020071200100051,2020년 7월 12일 04시,일요일,충청남도 천안시 서북구 두정동,경상사고,0,0,1,0,차대사람 - 기타,안전운전불이행,포장 - 건조,흐림,단일로 - 기타,승용,남,21세,상해없음,보행자,남,25세,경상
4082,2020071200100170,2020년 7월 12일 12시,일요일,충청남도 서산시 읍내동,중상사고,0,1,1,0,차대사람 - 기타,보행자보호의무위반,포장 - 젖음/습기,비,교차로 - 교차로횡단보도내,승용,남,65세,상해없음,보행자,남,63세,경상
4083,2020071200100456,2020년 7월 12일 21시,일요일,충청남도 서산시 동문동,부상신고사고,0,0,0,1,차대사람 - 기타,안전운전불이행,포장 - 건조,흐림,단일로 - 기타,기타불명,기타불명,미분류,기타불명,보행자,남,18세,부상신고
4084,2020071300100043,2020년 7월 13일 04시,월요일,충청남도 아산시 온천동,경상사고,0,0,1,0,차대사람 - 횡단중,보행자보호의무위반,포장 - 젖음/습기,비,교차로 - 교차로부근,승용,남,41세,상해없음,보행자,남,27세,경상
4085,2020071300100142,2020년 7월 13일 09시,월요일,충청남도 아산시 영인면,경상사고,0,0,1,0,차대사람 - 횡단중,보행자보호의무위반,포장 - 건조,맑음,단일로 - 기타,승용,남,33세,상해없음,보행자,남,14세,경상
4086,2020071300100405,2020년 7월 13일 17시,월요일,충청남도 천안시 서북구 백석동,경상사고,0,0,1,0,차대사람 - 횡단중,보행자보호의무위반,포장 - 건조,맑음,교차로 - 교차로횡단보도내,승용,남,39세,상해없음,보행자,남,63세,경상
4087,2020071400100324,2020년 7월 14일 14시,화요일,충청남도 보령시 동대동,경상사고,0,0,1,0,차대사람 - 기타,안전운전불이행,포장 - 건조,맑음,단일로 - 기타,승용,남,58세,상해없음,보행자,남,46세,경상
4088,2020071500100061,2020년 7월 15일 06시,수요일,충청남도 아산시 배방읍,경상사고,0,0,1,0,차대사람 - 기타,기타,포장 - 건조,맑음,단일로 - 기타,화물,남,62세,상해없음,보행자,남,36세,경상
4089,2020071500100135,2020년 7월 15일 09시,수요일,충청남도 청양군 정산면,사망사고,1,0,0,0,차대사람 - 기타,안전운전불이행,포장 - 젖음/습기,흐림,기타 - 기타,화물,남,47세,상해없음,보행자,여,65세,사망
4090,2020071500100331,2020년 7월 15일 15시,수요일,충청남도 논산시 내동,경상사고,0,0,1,0,차대사람 - 보도통행중,안전운전불이행,포장 - 건조,맑음,교차로 - 교차로부근,자전거,기타불명,미분류,기타불명,보행자,남,62세,경상
4091,2020071500100516,2020년 7월 15일 19시,수요일,충청남도 천안시 서북구 두정동,경상사고,0,0,1,0,차대사람 - 기타,안전운전불이행,포장 - 건조,맑음,단일로 - 기타,승합,남,49세,상해없음,보행자,여,62세,경상
4092,2020071600100008,2020년 7월 16일 00시,목요일,충청남도 천안시 서북구 두정동,중상사고,0,1,0,0,차대사람 - 횡단중,안전운전불이행,포장 - 건조,맑음,교차로 - 교차로횡단보도내,이륜,남,30세,상해없음,보행자,남,42세,중상
4093,2020071600100453,2020년 7월 16일 17시,목요일,충청남도 천안시 서북구 성정동,경상사고,0,0,1,0,차대사람 - 횡단중,신호위반,포장 - 건조,맑음,교차로 - 교차로안,승용,여,42세,상해없음,보행자,여,16세,경상
4094,2020071600100578,2020년 7월 16일 20시,목요일,충청남도 아산시 신창면,중상사고,0,1,0,0,차대사람 - 횡단중,안전운전불이행,포장 - 건조,맑음,교차로 - 교차로안,승용,남,33세,상해없음,보행자,남,80세,중상
4095,2020071600100579,2020년 7월 16일 20시,목요일,충청남도 아산시 탕정면,경상사고,0,0,1,0,차대사람 - 횡단중,안전운전불이행,포장 - 건조,맑음,교차로 - 교차로부근,승용,남,61세,상해없음,보행자,여,46세,경상
4096,2020071700100609,2020년 7월 17일 20시,금요일,충청남도 부여군 부여읍,중상사고,0,1,0,0,차대사람 - 횡단중,보행자보호의무위반,포장 - 건조,맑음,단일로 - 기타,승용,남,75세,상해없음,보행자,남,77세,중상
4097,2020071800100008,2020년 7월 18일 00시,토요일,충청남도 당진시 송산면,사망사고,1,0,0,0,차대사람 - 기타,과속,포장 - 건조,맑음,단일로 - 기타,승용,남,35세,상해없음,보행자,남,40세,사망
4098,2020071800100128,2020년 7월 18일 09시,토요일,충청남도 아산시 배방읍,경상사고,0,0,1,0,차대사람 - 횡단중,보행자보호의무위반,포장 - 건조,맑음,교차로 - 교차로횡단보도내,승용,여,36세,상해없음,보행자,여,81세,경상
4099,2020071800100223,2020년 7월 18일 12시,토요일,충청남도 서산시 성연면,중상사고,0,1,0,0,차대사람 - 횡단중,신호위반,포장 - 건조,맑음,교차로 - 교차로횡단보도내,승용,여,57세,상해없음,보행자,여,34세,중상
4100,2020071800100270,2020년 7월 18일 13시,토요일,충청남도 공주시 계룡면,중상사고,0,1,0,0,차대사람 - 기타,안전운전불이행,포장 - 건조,맑음,교차로 - 교차로부근,승용,남,53세,상해없음,보행자,남,48세,중상
4101,2020071800100313,2020년 7월 18일 14시,토요일,충청남도 서산시 동문동,부상신고사고,0,0,0,1,차대사람 - 기타,기타,포장 - 건조,맑음,단일로 - 기타,이륜,남,31세,상해없음,보행자,남,51세,부상신고
4102,2020071800100620,2020년 7월 18일 23시,토요일,충청남도 아산시 온천동,경상사고,0,0,1,0,차대사람 - 횡단중,안전운전불이행,포장 - 건조,맑음,단일로 - 기타,승용,남,60세,상해없음,보행자,여,24세,경상
4103,2020071900100261,2020년 7월 19일 16시,일요일,충청남도 당진시 대덕리,중상사고,0,1,0,0,차대사람 - 기타,안전운전불이행,포장 - 건조,맑음,교차로 - 교차로부근,승용,남,42세,상해없음,보행자,여,54세,중상
4104,2020071900100373,2020년 7월 19일 20시,일요일,충청남도 천안시 동남구 청당동,중상사고,0,1,0,0,차대사람 - 횡단중,보행자보호의무위반,포장 - 건조,맑음,교차로 - 교차로횡단보도내,승용,여,57세,상해없음,보행자,남,57세,중상
4105,2020072000100102,2020년 7월 20일 08시,월요일,충청남도 천안시 동남구 청수동,경상사고,0,0,1,0,차대사람 - 기타,안전운전불이행,포장 - 건조,맑음,단일로 - 기타,승용,여,39세,상해없음,보행자,남,43세,경상
4106,2020072000100419,2020년 7월 20일 18시,월요일,충청남도 아산시 신창면,중상사고,0,1,0,0,차대사람 - 차도통행중,안전운전불이행,포장 - 젖음/습기,흐림,교차로 - 교차로안,승용,여,38세,상해없음,보행자,남,75세,중상
4107,2020072100100028,2020년 7월 21일 01시,화요일,충청남도 천안시 서북구 성정동,중상사고,0,1,0,0,차대사람 - 기타,안전운전불이행,포장 - 건조,맑음,단일로 - 기타,승합,남,24세,상해없음,보행자,남,33세,중상
4108,2020072100100029,2020년 7월 21일 01시,화요일,충청남도 천안시 서북구 신당동,중상사고,0,1,0,0,차대사람 - 기타,안전운전불이행,포장 - 건조,맑음,단일로 - 기타,승용,여,57세,상해없음,보행자,남,18세,중상
4109,2020072100100166,2020년 7월 21일 10시,화요일,충청남도 아산시 송악면,사망사고,1,0,0,0,차대사람 - 기타,안전운전불이행,포장 - 건조,맑음,단일로 - 기타,건설기계,남,33세,상해없음,보행자,남,56세,사망
4110,2020072100100478,2020년 7월 21일 18시,화요일,충청남도 홍성군 홍성읍,중상사고,0,1,0,0,차대사람 - 기타,안전운전불이행,포장 - 건조,맑음,단일로 - 기타,승용,여,53세,상해없음,보행자,여,24세,중상
4111,2020072100100548,2020년 7월 21일 20시,화요일,충청남도 서산시 석림동,사망사고,1,0,0,0,차대사람 - 횡단중,신호위반,포장 - 건조,맑음,교차로 - 교차로부근,승용,남,66세,상해없음,보행자,여,54세,사망
4112,2020072100100549,2020년 7월 21일 20시,화요일,충청남도 아산시 탕정면,중상사고,0,1,0,0,차대사람 - 횡단중,안전운전불이행,포장 - 건조,맑음,단일로 - 기타,승용,남,44세,상해없음,보행자,여,65세,중상
4113,2020072200100060,2020년 7월 22일 05시,수요일,충청남도 아산시 배방읍,경상사고,0,0,1,0,차대사람 - 횡단중,신호위반,포장 - 젖음/습기,비,교차로 - 교차로횡단보도내,승용,남,61세,상해없음,보행자,남,44세,경상
4114,2020072200100176,2020년 7월 22일 09시,수요일,충청남도 홍성군 홍성읍,중상사고,0,1,0,0,차대사람 - 보도통행중,기타,포장 - 젖음/습기,흐림,기타 - 기타,화물,남,40세,상해없음,보행자,남,73세,중상
4115,2020072200100277,2020년 7월 22일 12시,수요일,충청남도 아산시 좌부동,중상사고,0,1,0,0,차대사람 - 기타,보행자보호의무위반,포장 - 젖음/습기,비,교차로 - 교차로안,화물,남,36세,상해없음,보행자,남,80세,중상
4116,2020072200100304,2020년 7월 22일 13시,수요일,충청남도 서산시 석림동,경상사고,0,0,1,0,차대사람 - 기타,안전운전불이행,비포장 - 건조,맑음,기타 - 기타,승용,남,55세,상해없음,보행자,남,56세,경상
4117,2020072200100305,2020년 7월 22일 13시,수요일,충청남도 서천군 서천읍,중상사고,0,1,0,0,차대사람 - 횡단중,안전운전불이행,포장 - 건조,맑음,교차로 - 교차로부근,승용,남,27세,상해없음,보행자,여,69세,중상
4118,2020072200100373,2020년 7월 22일 15시,수요일,충청남도 당진시 읍내리,중상사고,0,1,0,0,차대사람 - 길가장자리구역통행중,안전운전불이행,포장 - 젖음/습기,비,단일로 - 기타,승용,남,50세,상해없음,보행자,여,86세,중상
4119,2020072200100633,2020년 7월 22일 22시,수요일,충청남도 천안시 서북구 두정동,경상사고,0,0,1,0,차대사람 - 횡단중,안전운전불이행,포장 - 건조,맑음,교차로 - 교차로횡단보도내,승용,남,63세,상해없음,보행자,남,36세,경상
4120,2020072300100314,2020년 7월 23일 15시,목요일,충청남도 서산시 인지면,중상사고,0,1,0,0,차대사람 - 횡단중,안전운전불이행,포장 - 젖음/습기,비,교차로 - 교차로안,승용,여,54세,상해없음,보행자,남,49세,중상
4121,2020072300100315,2020년 7월 23일 15시,목요일,충청남도 서산시 동문동,중상사고,0,1,0,0,차대사람 - 차도통행중,안전운전불이행,포장 - 젖음/습기,비,단일로 - 기타,승용,여,24세,상해없음,보행자,남,45세,중상
4122,2020072300100596,2020년 7월 23일 21시,목요일,충청남도 서산시 석남동,부상신고사고,0,0,0,1,차대사람 - 차도통행중,안전운전불이행,포장 - 젖음/습기,비,교차로 - 교차로부근,승용,여,37세,상해없음,보행자,남,53세,부상신고
4123,2020072400100214,2020년 7월 24일 12시,금요일,충청남도 서산시 동문동,중상사고,0,1,0,0,차대사람 - 길가장자리구역통행중,보행자보호의무위반,포장 - 건조,흐림,교차로 - 교차로횡단보도내,승용,남,28세,상해없음,보행자,남,61세,중상
4124,2020072400100514,2020년 7월 24일 20시,금요일,충청남도 예산군 덕산면,중상사고,0,1,0,0,차대사람 - 횡단중,보행자보호의무위반,포장 - 젖음/습기,맑음,교차로 - 교차로횡단보도내,승용,남,43세,상해없음,보행자,여,78세,중상
4125,2020072500100156,2020년 7월 25일 09시,토요일,충청남도 서산시 대산읍,경상사고,0,0,1,0,차대사람 - 기타,안전운전불이행,비포장 - 건조,맑음,단일로 - 기타,승용,남,57세,상해없음,보행자,남,66세,경상
4126,2020072500100361,2020년 7월 25일 15시,토요일,충청남도 천안시 동남구 다가동,경상사고,0,0,1,0,차대사람 - 횡단중,보행자보호의무위반,포장 - 건조,맑음,교차로 - 교차로안,승용,남,50세,상해없음,보행자,여,40세,경상
4127,2020072500100606,2020년 7월 25일 22시,토요일,충청남도 아산시 배방읍,중상사고,0,1,0,0,차대사람 - 기타,안전운전불이행,포장 - 젖음/습기,흐림,단일로 - 기타,승용,남,57세,상해없음,보행자,남,63세,중상
4128,2020072500100628,2020년 7월 25일 23시,토요일,충청남도 천안시 서북구 두정동,경상사고,0,0,1,0,차대사람 - 기타,안전운전불이행,포장 - 건조,맑음,단일로 - 기타,승용,남,32세,기타불명,보행자,남,33세,경상
4129,2020072600100142,2020년 7월 26일 11시,일요일,충청남도 논산시 부창동,경상사고,0,0,1,0,차대사람 - 차도통행중,안전운전불이행,포장 - 건조,맑음,교차로 - 교차로안,승용,남,66세,상해없음,보행자,여,28세,경상
4130,2020072600100263,2020년 7월 26일 15시,일요일,충청남도 보령시 대천동,경상사고,0,0,1,0,차대사람 - 횡단중,안전운전불이행,포장 - 건조,맑음,교차로 - 교차로안,이륜,남,50세,상해없음,보행자,여,74세,경상
4131,2020072700100063,2020년 7월 27일 07시,월요일,충청남도 보령시 신흑동,경상사고,0,0,1,0,차대사람 - 횡단중,안전운전불이행,포장 - 건조,맑음,단일로 - 기타,승용,남,38세,상해없음,보행자,남,26세,경상
4132,2020072700100174,2020년 7월 27일 10시,월요일,충청남도 보령시 남포면,중상사고,0,1,0,0,차대사람 - 횡단중,안전운전불이행,포장 - 건조,맑음,단일로 - 기타,화물,남,81세,상해없음,보행자,여,80세,중상
4133,2020072700100211,2020년 7월 27일 11시,월요일,충청남도 당진시 읍내리,중상사고,0,1,0,0,차대사람 - 기타,보행자보호의무위반,포장 - 건조,맑음,단일로 - 기타,승용,남,50세,상해없음,보행자,여,12세,중상
4134,2020072700100429,2020년 7월 27일 17시,월요일,충청남도 홍성군 장곡면,사망사고,1,0,0,0,차대사람 - 기타,안전운전불이행,포장 - 건조,맑음,단일로 - 기타,승용,남,73세,상해없음,보행자,여,84세,사망
4135,2020072700100594,2020년 7월 27일 22시,월요일,충청남도 서산시 지곡면,경상사고,0,0,1,0,차대사람 - 차도통행중,안전운전불이행,포장 - 건조,흐림,교차로 - 교차로안,승용,여,53세,상해없음,보행자,남,66세,경상
4136,2020072800100126,2020년 7월 28일 09시,화요일,충청남도 금산군 군북면,경상사고,0,0,1,0,차대사람 - 기타,안전운전불이행,포장 - 건조,흐림,단일로 - 기타,화물,남,48세,상해없음,보행자,남,86세,경상
4137,2020072800100152,2020년 7월 28일 10시,화요일,충청남도 부여군 부여읍,중상사고,0,1,0,0,차대사람 - 기타,안전운전불이행,포장 - 건조,흐림,교차로 - 교차로안,승용,여,57세,상해없음,보행자,남,85세,중상
4138,2020072800100218,2020년 7월 28일 13시,화요일,충청남도 아산시 온천동,경상사고,0,0,1,0,차대사람 - 횡단중,보행자보호의무위반,포장 - 건조,맑음,단일로 - 기타,화물,남,77세,상해없음,보행자,여,16세,경상
4139,2020072800100452,2020년 7월 28일 19시,화요일,충청남도 천안시 서북구 불당동,경상사고,0,0,1,0,차대사람 - 기타,안전운전불이행,포장 - 건조,맑음,교차로 - 교차로부근,승용,남,42세,상해없음,보행자,남,30세,경상
4140,2020072800100530,2020년 7월 28일 21시,화요일,충청남도 아산시 둔포면,경상사고,0,0,1,0,차대사람 - 차도통행중,안전운전불이행,포장 - 건조,맑음,기타 - 기타,승용,남,38세,상해없음,보행자,여,43세,경상
4141,2020072900100236,2020년 7월 29일 12시,수요일,충청남도 예산군 예산읍,경상사고,0,0,1,0,차대사람 - 차도통행중,안전운전불이행,포장 - 건조,맑음,단일로 - 기타,승용,여,51세,상해없음,보행자,남,47세,경상
4142,2020072900100306,2020년 7월 29일 14시,수요일,충청남도 천안시 동남구 봉명동,경상사고,0,0,1,0,차대사람 - 횡단중,안전운전불이행,포장 - 건조,맑음,단일로 - 기타,승용,여,26세,상해없음,보행자,여,62세,경상
4143,2020072900100565,2020년 7월 29일 22시,수요일,충청남도 천안시 동남구 신부동,경상사고,0,0,1,0,차대사람 - 기타,안전운전불이행,포장 - 젖음/습기,비,단일로 - 기타,승용,여,47세,상해없음,보행자,여,47세,경상
4144,2020073000100155,2020년 7월 30일 10시,목요일,충청남도 당진시 읍내리,경상사고,0,0,1,0,차대사람 - 보도통행중,보행자보호의무위반,포장 - 건조,흐림,교차로 - 교차로안,승용,남,40세,상해없음,보행자,여,8세,경상
4145,2020073000100327,2020년 7월 30일 15시,목요일,충청남도 보령시 대천동,경상사고,0,0,1,0,차대사람 - 횡단중,보행자보호의무위반,포장 - 건조,맑음,교차로 - 교차로횡단보도내,승합,남,68세,상해없음,보행자,여,9세,경상
4146,2020073000100399,2020년 7월 30일 17시,목요일,충청남도 아산시 음봉면,중상사고,0,1,0,0,차대사람 - 횡단중,보행자보호의무위반,포장 - 건조,맑음,교차로 - 교차로횡단보도내,승용,여,44세,상해없음,보행자,남,7세,중상
4147,2020073000100478,2020년 7월 30일 19시,목요일,충청남도 천안시 서북구 두정동,경상사고,0,0,1,0,차대사람 - 횡단중,보행자보호의무위반,포장 - 건조,맑음,교차로 - 교차로횡단보도내,승용,남,27세,상해없음,보행자,남,25세,경상
4148,2020073100100131,2020년 7월 31일 09시,금요일,충청남도 아산시 용화동,중상사고,0,1,0,0,차대사람 - 길가장자리구역통행중,안전운전불이행,포장 - 건조,맑음,교차로 - 교차로부근,승용,남,60세,상해없음,보행자,여,59세,중상
4149,2020073100100592,2020년 7월 31일 21시,금요일,충청남도 천안시 동남구 원성동,중상사고,0,1,0,0,차대사람 - 횡단중,안전운전불이행,포장 - 건조,맑음,교차로 - 교차로횡단보도내,승용,남,67세,상해없음,보행자,여,41세,중상
4150,2020073100100622,2020년 7월 31일 22시,금요일,충청남도 논산시 내동,중상사고,0,1,0,0,차대사람 - 기타,안전운전불이행,포장 - 건조,맑음,단일로 - 기타,승용,여,23세,상해없음,보행자,남,28세,중상
4151,2020080100100055,2020년 8월 1일 03시,토요일,충청남도 천안시 서북구 불당동,중상사고,0,1,1,0,차대사람 - 횡단중,안전운전불이행,포장 - 건조,맑음,교차로 - 교차로안,승용,남,36세,상해없음,보행자,남,22세,중상
4152,2020080100100100,2020년 8월 1일 08시,토요일,충청남도 천안시 서북구 성정동,중상사고,0,1,0,0,차대사람 - 기타,안전운전불이행,포장 - 건조,맑음,단일로 - 지하차도(도로)내,기타불명,기타불명,미분류,기타불명,보행자,남,32세,중상
4153,2020080100100259,2020년 8월 1일 13시,토요일,충청남도 천안시 동남구 사직동,중상사고,0,1,0,0,차대사람 - 기타,안전운전불이행,포장 - 건조,맑음,단일로 - 기타,화물,남,77세,상해없음,보행자,남,70세,중상
4154,2020080100100416,2020년 8월 1일 17시,토요일,충청남도 공주시 산성동,경상사고,0,0,1,0,차대사람 - 횡단중,보행자보호의무위반,포장 - 젖음/습기,비,교차로 - 교차로안,이륜,남,50세,상해없음,보행자,여,71세,경상
4155,2020080200100396,2020년 8월 2일 22시,일요일,충청남도 서산시 지곡면,경상사고,0,0,1,0,차대사람 - 길가장자리구역통행중,안전운전불이행,포장 - 건조,맑음,교차로 - 교차로부근,승용,남,31세,상해없음,보행자,남,60세,경상
4156,2020080300100154,2020년 8월 3일 10시,월요일,충청남도 태안군 태안읍,중상사고,0,1,0,0,차대사람 - 차도통행중,안전운전불이행,포장 - 젖음/습기,비,교차로 - 교차로안,승용,남,67세,상해없음,보행자,여,76세,중상
4157,2020080300100307,2020년 8월 3일 14시,월요일,충청남도 아산시 탕정면,중상사고,0,1,0,0,차대사람 - 기타,안전운전불이행,포장 - 건조,맑음,단일로 - 기타,승용,남,33세,상해없음,보행자,여,33세,중상
4158,2020080300100538,2020년 8월 3일 21시,월요일,충청남도 천안시 서북구 두정동,경상사고,0,0,1,0,차대사람 - 길가장자리구역통행중,안전운전불이행,포장 - 젖음/습기,비,기타 - 기타,승용,여,25세,상해없음,보행자,남,48세,경상
4159,2020080400100040,2020년 8월 4일 04시,화요일,충청남도 당진시 신평면,사망사고,1,0,0,0,차대사람 - 차도통행중,안전운전불이행,포장 - 건조,흐림,단일로 - 기타,화물,남,42세,상해없음,보행자,남,78세,사망